cause,effect,low,query,tinfer,tlearn,upp
V1,V0,0.7496408652073572,PS,317,13457,0.9640528666263325
V2,V0,0.1168340087738979,PS,25,13457,0.1168340087738979
V1,V0,0.76658779621354,PN,20,13457,0.9858469525350695
V2,V0,0.30371763708287425,PN,10,13457,0.30371763708287425
