cause,effect,low,query,tinfer,tlearn,upp
V1,V0,0.0,PS,363,11136,1.0
V2,V0,0.8231843995404414,PS,35,11136,0.8835881233188462
V1,V0,0.0,PN,31,11136,0.35735526313158555
V2,V0,0.5180940050086924,PN,19,11136,0.5561107691593049
