cause,effect,low,query,tinfer,tlearn,upp
V1,V0,0.0,PS,140217,9844,1.0
V2,V0,0.9238306944467911,PS,135208,9844,0.9956674072891721
V3,V0,0.12746215769054542,PS,134142,9844,0.8090929808841457
V1,V0,0.0,PN,135183,9844,0.05495941509564729
V2,V0,0.653137276491487,PN,135581,9844,0.7039249752116189
V3,V0,0.009425950424223532,PN,135710,9844,0.05983321218299833
