cause,effect,low,query,tinfer,tlearn,upp
V1,V0,0.18419579356364563,PS,616,13281,1.0
V2,V0,0.027367840434120046,PS,35,13281,1.0
V1,V0,0.07540338692738809,PN,22,13281,0.4093654120355022
V2,V0,0.007709550613646707,PN,22,13281,0.2817010948381244
