cause,effect,low,query,tinfer,tlearn,upp
V1,V0,0.8753572830096862,PS,481,12848,1.0
V2,V0,0.9973285025199318,PS,37,12848,0.9973285025199318
V1,V0,0.6116617564396061,PN,9,12848,0.6987566886249782
V2,V0,0.91506,PN,15,12848,0.91506
