cause,effect,low,query,tinfer,tlearn,upp
V1,V0,0.31624867822169095,PS,1008,2504,1.0
V2,V0,0.7644111863877582,PS,911,2504,0.8865416486689671
V3,V0,0.27853056419668093,PS,524,2504,1.0
V1,V0,0.04045129638546605,PN,414,2504,0.12790977218601876
V2,V0,0.33016495476632846,PN,336,2504,0.38291561994852474
V3,V0,0.02478200313864852,PN,292,2504,0.08897408875080945
