cause,effect,low,query,tinfer,tlearn,upp
V1,V0,1.0,PS,1385,9591,1.0
V2,V0,1.0,PS,29,9591,1.0
V1,V0,0.00658,PN,21,9591,0.00658
V2,V0,0.006580000000000001,PN,31,9591,0.006580000000000001
