cause,effect,low,query,tinfer,tlearn,upp
V1,V0,1.0,PS,328,12616,1.0
V2,V0,1.0,PS,15,12616,1.0
V1,V0,0.022259820000000007,PN,20,12616,0.022259820000000007
V2,V0,0.02195744,PN,5,12616,0.02195744
