cause,effect,low,query,tinfer,tlearn,upp
V1,V0,0.0,PS,984,10911,0.45832875004583284
V2,V0,0.3915557462106716,PS,517,10911,0.7122933028644292
V3,V0,0.14981133681979303,PS,520,10911,1.0
V1,V0,0.0,PN,322,10911,0.04300647442972559
V2,V0,0.1705817657095906,PN,285,10911,0.31031149582556933
V3,V0,0.05913861271635663,PN,249,10911,0.3947539216440878
