cause,effect,low,query,tinfer,tlearn,upp
V1,V0,0.22996806826178748,PS,607,13841,0.6933741203377904
V2,V0,0.0,PS,35,13841,0.9827511327269535
V1,V0,0.06903626084723603,PN,21,13841,0.20815044887828232
V2,V0,0.0,PN,16,13841,0.45955153183843944
