cause,effect,low,query,tinfer,tlearn,upp
V1,V0,0.3506407017458793,PS,1340,13470,1.0
V2,V0,0.3029042114074515,PS,38,13470,1.0
V1,V0,0.2925682730515022,PN,30,13470,0.8343819516524235
V2,V0,0.23437401984648512,PN,14,13470,0.773756227282086
