cause,effect,low,query,tinfer,tlearn,upp
V1,V0,0.20004246603708284,PS,1125,5511,0.9048225088769635
V2,V0,0.2603635466359599,PS,553,5511,1.0
V3,V0,0.4974464559438761,PS,360,5511,0.8812539910541937
V1,V0,0.005221606834433593,PN,313,5511,0.023618122141253122
V2,V0,0.006291067291102202,PN,284,5511,0.02416262711269012
V3,V0,0.015661976900856828,PN,256,5511,0.027746060881044633
