cause,effect,low,query,tinfer,tlearn,upp
V1,V0,0.0,PS,352,13488,0.5480798562858016
V2,V0,0.18372040378174104,PS,10,13488,0.18372040378174104
V1,V0,0.0,PN,7,13488,0.0033967077352508946
V2,V0,0.0065834550764624356,PN,19,13488,0.0065834550764624356
