cause,effect,low,query,tinfer,tlearn,upp
V1,V0,0.8894359535425673,PS,163,1592,0.8894359535425673
V2,V0,0.750174182342557,PS,70,1592,0.8985338592096477
V3,V0,0.2857707836557213,PS,45,1592,0.6378649788971895
V1,V0,0.15735578015131996,PN,44,1592,0.15735578015131996
V2,V0,0.16592306085539243,PN,43,1592,0.19873716226372903
V3,V0,0.0670402489578543,PN,59,1592,0.14963960430007361
