cause,effect,low,query,tinfer,tlearn,upp
V1,V0,0.0,PS,707,12970,1.0
V2,V0,0.18919368755375565,PS,51,12970,1.0
V1,V0,0.0,PN,40,12970,0.13723674198985744
V2,V0,0.051088538413466784,PN,48,12970,0.2700329967348989
