cause,effect,low,query,tinfer,tlearn,upp
V1,V0,0.0,PS,225,8444,0.5733530872699001
V2,V0,0.0,PS,65,8444,0.4042158182429571
V1,V0,0.0,PN,60,8444,0.8974676707768018
V2,V0,0.0,PN,72,8444,0.7781422919491053
