cause,effect,low,query,tinfer,tlearn,upp
V1,V0,0.297874059734319,PS,328,10344,1.0
V2,V0,0.849545309790878,PS,26,10344,1.0
V1,V0,0.058137645158967716,PN,16,10344,0.19517525363175997
V2,V0,0.2333168129209061,PN,4,10344,0.2746372797683255
