cause,effect,low,query,tinfer,tlearn,upp
V1,V0,0.9953736619168261,PS,1305,13233,0.9953736619168261
V2,V0,0.9940100000000001,PS,32,13233,0.9940100000000001
V1,V0,1.0,PN,35,13233,1.0
V2,V0,0.9939248681743347,PN,24,13233,0.9939248681743347
