cause,effect,low,query,tinfer,tlearn,upp
V1,V0,0.0,PS,351,13514,0.5847634392568837
V2,V0,0.5936139904301511,PS,32,13514,1.0
V1,V0,0.0,PN,43,13514,0.4945660826095815
V2,V0,0.5068724229979649,PN,16,13514,0.8538754664974615
