cause,effect,low,query,tinfer,tlearn,upp
V1,V0,0.9872150024820934,PS,1260,14089,0.9872150024820934
V2,V0,0.9977663285176813,PS,49,14089,0.9977663285176813
V1,V0,0.44804778768716724,PN,26,14089,0.44804778768716724
V2,V0,0.8209920191185942,PN,16,14089,0.8209920191185942
