cause,effect,low,query,tinfer,tlearn,upp
V1,V0,0.13889342101661611,PS,190,1992,0.17652764459834694
V2,V0,0.02261601502047416,PS,46,1992,0.1960901150073968
V3,V0,0.644028634216923,PS,28,1992,0.6625940694989956
V1,V0,0.06224462317802664,PN,40,1992,0.07911027490073998
V2,V0,0.02994420483940302,PN,25,1992,0.2596285227723765
V3,V0,0.4818206925696673,PN,37,1992,0.4957101540162721
