cause,effect,low,query,tinfer,tlearn,upp
V1,V0,0.08734110448406936,PS,562,13257,0.3234732470101054
V2,V0,0.01740439828482878,PS,61,13257,0.38150789128310375
V1,V0,0.2700102876864522,PN,24,13257,1.0
V2,V0,0.04562002171513034,PN,6,13257,1.0
