cause,effect,low,query,tinfer,tlearn,upp
V1,V0,0.15345359001566367,PS,1466,13591,0.3614562028267863
V2,V0,0.8479993370203069,PS,49,13591,0.9191554916490612
V1,V0,0.03082761131727123,PN,11,13591,0.07261368944071968
V2,V0,0.27284038456815823,PN,16,13591,0.2957345918461006
