cause,effect,low,query,tinfer,tlearn,upp
V1,V0,0.24547259616366715,PS,1134,12741,0.5663571452890187
V2,V0,0.0,PS,118,12741,0.6971771850028202
V1,V0,0.40677360457155276,PN,122,12741,0.9385126529988099
V2,V0,0.0,PN,120,12741,1.0
