cause,effect,low,query,tinfer,tlearn,upp
V1,V0,0.7827974480639189,PS,419,13530,0.9149170048132903
V2,V0,0.7992986447214382,PS,83,13530,0.9196418039050757
V1,V0,0.3061126694904828,PN,70,13530,0.3577779761524777
V2,V0,0.4704917530540849,PN,67,13530,0.5413294359480789
