cause,effect,low,query,tinfer,tlearn,upp
V1,V0,0.0,PS,125,13089,0.5072142064372919
V2,V0,0.060060454724668144,PS,16,13089,0.060060454724668144
V1,V0,0.0,PN,14,13089,0.03437400732017311
V2,V0,0.013503413657410625,PN,6,13089,0.013503413657410625
