cause,effect,low,query,tinfer,tlearn,upp
V1,V0,0.7118017800068531,PS,2444,3547,1.0
V2,V0,0.5192952220750805,PS,824,3547,1.0
V3,V0,0.21328538900853583,PS,761,3547,1.0
V1,V0,0.16601114443885256,PN,659,3547,0.23322664975248342
V2,V0,0.15979763884117915,PN,584,3547,0.3077202178033429
V3,V0,0.053141169954003746,PN,734,3547,0.2491552290620198
