cause,effect,low,query,tinfer,tlearn,upp
V1,V0,1.0,PS,403,12087,1.0
V2,V0,1.0,PS,20,12087,1.0
V1,V0,0.5908090539184359,PN,18,12087,0.5908090539184359
V2,V0,0.90734,PN,9,12087,0.90734
