cause,effect,low,query,tinfer,tlearn,upp
V1,V0,0.8960528488243052,PS,326,13124,0.8960528488243052
V2,V0,0.6071289384453645,PS,32,13124,0.8236695611468434
V1,V0,1.0,PN,19,13124,1.0
V2,V0,0.6203043329588197,PN,12,13124,0.8415441356064678
