cause,effect,low,query,tinfer,tlearn,upp
V1,V0,0.0,PS,10278,15173,1.0
V2,V0,0.5772299664338576,PS,8790,15173,1.0
V3,V0,0.06228499950352848,PS,8868,15173,1.0
V1,V0,0.0,PN,9013,15173,0.06105352541494258
V2,V0,0.042444924478045126,PN,9082,15173,0.07353208763618256
V3,V0,0.004391135116343343,PN,8761,15173,0.07050068477715221
