cause,effect,low,query,tinfer,tlearn,upp
V1,V0,0.3426243535343889,PS,962,13204,0.9437047511548919
V2,V0,0.0,PS,77,13204,1.0
V1,V0,0.13895710286411894,PN,74,13204,0.3827354267927899
V2,V0,0.0,PN,65,13204,0.1818587968928729
