cause,effect,low,query,tinfer,tlearn,upp
V1,V0,0.0,PS,876,13714,0.8898256078181123
V2,V0,0.295987263504948,PS,487,13714,0.9985009035161587
V1,V0,0.0,PN,420,13714,0.883786826766146
V2,V0,0.20589649617211722,PN,325,13714,0.6945833919479901
