cause,effect,low,query,tinfer,tlearn,upp
V1,V0,0.508484891607299,PS,1313,13606,0.7371775177375601
V2,V0,0.5990586099358047,PS,53,13606,0.8814057686191333
V1,V0,0.6798891691566119,PN,28,13606,0.9856713902968767
V2,V0,0.6796626834815572,PN,10,13606,1.0
