cause,effect,low,query,tinfer,tlearn,upp
V1,V0,0.9067970480316985,PS,477,13020,1.0
V2,V0,0.9179218141817564,PS,50,13020,1.0
V1,V0,0.08674655485335966,PN,12,13020,0.09566259069948727
V2,V0,0.16372404182091227,PN,10,13020,0.178363820634176
