cause,effect,low,query,tinfer,tlearn,upp
V1,V0,0.0,PS,317,11294,0.8555804757514707
V2,V0,0.5714315464479267,PS,114,11294,0.889389637860351
V1,V0,0.0,PN,93,11294,0.3185460512631944
V2,V0,0.38058091124161253,PN,99,11294,0.5923451740279193
