cause,effect,low,query,tinfer,tlearn,upp
V1,V0,0.36445947828536884,PS,1701,13989,0.8943306494882899
V2,V0,0.0,PS,168,13989,1.0
V1,V0,0.3623104368455215,PN,147,13989,0.8890572137809296
V2,V0,0.0,PN,127,13989,0.51137418042934
