cause,effect,low,query,tinfer,tlearn,upp
V1,V0,0.0,PS,1062,12974,0.14997551692048122
V2,V0,0.26993265609396716,PS,54,12974,0.37470256964430587
V1,V0,0.0,PN,33,12974,0.30949545425097114
V2,V0,0.3665043358772565,PN,22,12974,0.508756955998615
