cause,effect,low,query,tinfer,tlearn,upp
V1,V0,1.0,PS,538,12908,1.0
V2,V0,0.49980135081446164,PS,39,12908,1.0
V1,V0,0.018150359999999997,PN,25,12908,0.018150359999999997
V2,V0,0.012650089777891527,PN,22,12908,0.025310235271027805
