cause,effect,low,query,tinfer,tlearn,upp
V1,V0,0.0,PS,499,12695,1.0
V2,V0,0.06047853982680762,PS,30,12695,1.0
V1,V0,0.0,PN,21,12695,0.006021044840142115
V2,V0,0.002227529016454792,PN,18,12695,0.03683172614341826
