cause,effect,low,query,tinfer,tlearn,upp
V1,V0,0.2910556397829588,PS,437,13245,1.0
V2,V0,0.8472790836745022,PS,19,13245,1.0
V1,V0,0.04512422979972822,PN,13,13245,0.15503643850838114
V2,V0,0.17934508784810674,PN,9,13245,0.21167179894293892
