cause,effect,low,query,tinfer,tlearn,upp
V1,V0,0.09944291414445008,PS,389,11421,1.0
V2,V0,0.139070685915705,PS,53,11421,1.0
V1,V0,0.07304980354557505,PN,57,11421,0.7345903343043971
V2,V0,0.09349321461515253,PN,41,11421,0.6722711835319602
