cause,effect,low,query,tinfer,tlearn,upp
V1,V0,0.13109228826264013,PS,1308,3002,0.1767688671527327
V2,V0,0.011506142206593758,PS,672,3002,0.03405836495618297
V3,V0,0.0,PS,523,3002,0.4881179360099342
V1,V0,0.06126385420034409,PN,443,3002,0.08261006233035076
V2,V0,0.0023115773375729067,PN,364,3002,0.006842305889665026
V3,V0,0.0,PN,292,3002,0.13618361173424867
