cause,effect,low,query,tinfer,tlearn,upp
V1,V0,0.08440012767334579,PS,1228792,32688,0.47653254221909186
V2,V0,0.5196487465761657,PS,1102813,32688,0.5632532789331924
V3,V0,0.08743846515183597,PS,1080126,32688,0.5058092799457614
V1,V0,0.17582102280272816,PN,1097556,32688,0.9927051212056965
V2,V0,0.675099529206626,PN,1067185,32688,0.7317481778552747
V3,V0,0.17119784445267572,PN,1043770,32688,0.9903359840603988
