cause,effect,low,query,tinfer,tlearn,upp
V1,V0,0.0,PS,366,13825,0.6054750123086259
V2,V0,0.0,PS,27,13825,0.39816760329155726
V1,V0,0.0,PN,24,13825,0.7532936725455096
V2,V0,0.0,PN,14,13825,0.640824668975246
