cause,effect,low,query,tinfer,tlearn,upp
V1,V0,0.0,PS,1320,13125,0.5284345628640037
V2,V0,0.0,PS,43,13125,0.8811380681335647
V1,V0,0.0,PN,28,13125,0.7369190732332171
V2,V0,0.0,PN,28,13125,0.3116286237112202
