cause,effect,low,query,tinfer,tlearn,upp
V1,V0,0.23910028241506656,PS,964,12753,0.8502241083799605
V2,V0,0.42910373927138656,PS,53,12753,0.9376635785885088
V1,V0,0.09636435991012582,PN,19,12753,0.34266501551831524
V2,V0,0.14651642655664734,PN,7,12753,0.3201629449335059
