cause,effect,low,query,tinfer,tlearn,upp
V1,V0,0.0,PS,358,13461,0.7941145970604679
V2,V0,0.27296007504234965,PS,37,13461,0.7956039680148098
V1,V0,0.0,PN,27,13461,0.6650403613208123
V2,V0,0.29542567113169343,PN,12,13461,0.8610850365913287
