cause,effect,low,query,tinfer,tlearn,upp
V1,V0,0.9067970480316986,PS,278,13145,1.0
V2,V0,0.9179218141817567,PS,24,13145,1.0
V1,V0,0.08674655485335965,PN,13,13145,0.09566259069948722
V2,V0,0.16372404182091224,PN,6,13145,0.17836382063417597
