cause,effect,low,query,tinfer,tlearn,upp
V1,V0,0.015261809317610064,PS,3990,6176,0.6118624662306803
V2,V0,0.0,PS,2555,6176,1.0
V3,V0,0.0,PS,2358,6176,1.0
V1,V0,0.005320611452783535,PN,2327,6176,0.21330907611320696
V2,V0,0.0,PN,2296,6176,0.0934046382465199
V3,V0,0.0,PN,2285,6176,0.25279786813099164
