cause,effect,low,query,tinfer,tlearn,upp
V1,V0,0.7451610864687316,PS,620,5799,0.9369052841259411
V2,V0,0.0,PS,291,5799,0.8369311395581321
V3,V0,0.82424,PS,215,5799,0.82424
V1,V0,0.5659830867142144,PN,224,5799,0.7116213585191146
V2,V0,0.0,PN,209,5799,0.26834939762552784
V3,V0,0.4485009562737943,PN,187,5799,0.4485009562737943
