cause,effect,low,query,tinfer,tlearn,upp
V1,V0,0.1926789459823654,PS,1848421,33582,0.9907887170257946
V2,V0,0.07015118111225646,PS,1376923,33582,0.9733213497692884
V3,V0,0.14911303718033742,PS,1318001,33582,0.4328645281020378
V1,V0,0.08217817534578128,PN,1304208,33582,0.4225744982319936
V2,V0,0.04798820728137591,PN,1329880,33582,0.6658183931269065
V3,V0,0.18684889351897938,PN,1368484,33582,0.5424090317579964
