cause,effect,low,query,tinfer,tlearn,upp
V1,V0,0.0,PS,297,13034,1.0
V2,V0,0.18919368755375565,PS,64,13034,1.0
V1,V0,0.0,PN,52,13034,0.13723674198985744
V2,V0,0.051088538413466784,PN,50,13034,0.2700329967348989
