cause,effect,low,query,tinfer,tlearn,upp
V1,V0,0.0,PS,1276,5921,0.6976176930270276
V2,V0,0.03605372553444894,PS,1094,5921,0.03869759606456522
V3,V0,0.17538335459684853,PS,417,5921,0.742206317475652
V1,V0,0.0,PN,274,5921,0.027741999324396895
V2,V0,0.01903786375681502,PN,295,5921,0.020433937149977096
V3,V0,0.00907156168464445,PN,241,5921,0.03839001943593888
