cause,effect,low,query,tinfer,tlearn,upp
V1,V0,0.25491142577732984,PS,555,13639,0.30386048763899526
V2,V0,0.005132310845197351,PS,142,13639,0.2864198730999537
V1,V0,0.8336541219170746,PN,131,13639,0.9937355582846881
V2,V0,0.0095577729631843,PN,148,13639,0.5333925013125642
