cause,effect,low,query,tinfer,tlearn,upp
V1,V0,0.04997770444043388,PS,244,13116,0.5213773180509327
V2,V0,0.12094425605755132,PS,29,13116,0.9858577284769213
V1,V0,0.06068871825064336,PN,24,13116,0.6331167369878189
V2,V0,0.03799832874730152,PN,8,13116,0.3097372896064463
