cause,effect,low,query,tinfer,tlearn,upp
V1,V0,0.18444819697783452,PS,154,8403,1.0
V2,V0,0.6433564957907882,PS,60,8403,1.0
V1,V0,0.015810271233072336,PN,37,8403,0.08571659410133614
V2,V0,0.08692345375395608,PN,27,8403,0.13510931236827448
