cause,effect,low,query,tinfer,tlearn,upp
V1,V0,0.9716956943222106,PS,403,6766,1.0
V2,V0,0.03571,PS,97,6766,0.03571
V3,V0,0.11971400618410465,PS,101,6766,0.9631392600940231
V1,V0,0.7903524391947045,PN,94,6766,0.8133744379159785
V2,V0,0.003518355155595723,PN,76,6766,0.003518355155595723
V3,V0,0.0037545882264488325,PN,81,6766,0.03020691932085561
