cause,effect,low,query,tinfer,tlearn,upp
V1,V0,0.19800609773973,PS,679,13258,0.5869301783049201
V2,V0,0.637270823403584,PS,157,13258,0.9784268309448438
V1,V0,0.20951489923049815,PN,118,13258,0.6210445969423274
V2,V0,0.5535051288940123,PN,95,13258,0.8498180824960078
