cause,effect,low,query,tinfer,tlearn,upp
V1,V0,1.0,PS,134,13818,1.0
V2,V0,1.0,PS,21,13818,1.0
V1,V0,0.29121,PN,7,13818,0.29121
V2,V0,0.8582361959348368,PN,6,13818,0.8582361959348368
