cause,effect,low,query,tinfer,tlearn,upp
V1,V0,0.0,PS,279,12854,0.5080746494392481
V2,V0,0.0,PS,55,12854,0.34132199938750335
V1,V0,0.0,PN,55,12854,0.9206460365226552
V2,V0,0.0,PN,53,12854,0.7869229936945559
