cause,effect,low,query,tinfer,tlearn,upp
V1,V0,0.013629669793702299,PS,361575,9688,0.9890047204212209
V2,V0,0.0,PS,328564,9688,0.9773431204545061
V3,V0,0.05686911788745169,PS,325180,9688,0.271149159732519
V1,V0,0.0019122426745751167,PN,322611,9688,0.13875736245785963
V2,V0,0.0,PN,323200,9688,0.31913324845083796
V3,V0,0.025768571383623387,PN,324472,9688,0.12286328217724377
