cause,effect,low,query,tinfer,tlearn,upp
V1,V0,0.06742477093875515,PS,305,13048,0.2864530207133929
V2,V0,0.199302586727046,PS,27,13048,0.4011459888190664
V1,V0,0.23537811111517717,PN,14,13048,1.0
V2,V0,0.49683305400553274,PN,3,13048,1.0
