cause,effect,low,query,tinfer,tlearn,upp
V1,V0,0.07622595452020996,PS,170,12738,0.4324556099554289
V2,V0,0.029875255858786906,PS,26,12738,0.03891706645173608
V1,V0,0.17626307247596162,PN,12,12738,1.0
V2,V0,0.07647578033923141,PN,16,12738,0.09962134013104616
