cause,effect,low,query,tinfer,tlearn,upp
V1,V0,0.8753572830096862,PS,191,12743,1.0
V2,V0,0.9973285025199318,PS,10,12743,0.9973285025199318
V1,V0,0.6116617564396061,PN,10,12743,0.6987566886249782
V2,V0,0.91506,PN,7,12743,0.91506
