cause,effect,low,query,tinfer,tlearn,upp
V1,V0,0.508484891607299,PS,208,12732,0.7371775177375599
V2,V0,0.7461081639507453,PS,18,12732,0.8814057686191333
V1,V0,0.6798891691566119,PN,23,12732,0.9856713902968767
V2,V0,0.8464979360410201,PN,7,12732,1.0
