cause,effect,low,query,tinfer,tlearn,upp
V1,V0,0.9930448024815879,PS,201,12858,1.0
V2,V0,0.3510897459712671,PS,24,12858,1.0
V1,V0,0.4375358557930333,PN,19,12858,0.4406003180316184
V2,V0,0.20622406460198542,PN,4,12858,0.5873827617251534
