cause,effect,low,query,tinfer,tlearn,upp
V1,V0,0.0,PS,811,12748,0.10857916735230812
V2,V0,0.09561868138131885,PS,37,12748,0.14147899884029091
V1,V0,0.0,PN,38,12748,1.0
V2,V0,0.6758507069254732,PN,29,12748,1.0
