cause,effect,low,query,tinfer,tlearn,upp
V1,V0,0.04997770444043389,PS,1386,13815,0.5213773180509327
V2,V0,0.030112505833614262,PS,43,13815,0.9858577284769213
V1,V0,0.06068871825064336,PN,32,13815,0.6331167369878188
V2,V0,0.009460762613862623,PN,38,13815,0.30973728960644625
