cause,effect,low,query,tinfer,tlearn,upp
V1,V0,0.07493376362731931,PS,381,10981,0.8398545326603571
V2,V0,0.0,PS,30,10981,1.0
V1,V0,0.005960932223096289,PN,17,10981,0.06680988254303294
V2,V0,0.0,PN,20,10981,0.06736655993186541
