cause,effect,low,query,tinfer,tlearn,upp
V1,V0,0.9635264380105825,PS,2021,3570,0.9712649887714317
V2,V0,0.17192844697493556,PS,770,3570,1.0
V3,V0,0.3808252579853298,PS,1100,3570,1.0
V1,V0,0.3277987236830059,PN,635,3570,0.3304314351089632
V2,V0,0.004037339093270661,PN,637,3570,0.0234826706359957
V3,V0,0.016152439129987206,PN,622,3570,0.042414306276422016
