cause,effect,low,query,tinfer,tlearn,upp
V1,V0,0.03926807156895384,PS,399,12869,1.0
V2,V0,0.0,PS,111,12869,1.0
V1,V0,0.006822299208866832,PN,102,12869,0.17373654820015877
V2,V0,0.0,PN,89,12869,0.29839760232048324
