cause,effect,low,query,tinfer,tlearn,upp
V1,V0,0.088342612917763,PS,952,13882,0.5420634113012254
V2,V0,0.31587157864880494,PS,57,13882,0.40677670263017224
V1,V0,0.16143231550397227,PN,25,13882,0.9905361495001018
V2,V0,0.41962306595679577,PN,14,13882,0.5403869757691937
