cause,effect,low,query,tinfer,tlearn,upp
V1,V0,0.2380445841782521,PS,464,13332,1.0
V2,V0,0.5098567985190564,PS,63,13332,1.0
V1,V0,0.08167821605031961,PN,45,13332,0.34312150529397234
V2,V0,0.19440028061069506,PN,53,13332,0.3812840805013395
