cause,effect,low,query,tinfer,tlearn,upp
V1,V0,0.6624386403516349,PS,1341,14252,1.0
V2,V0,0.777612727386646,PS,52,14252,1.0
V1,V0,0.013505019650203459,PN,15,14252,0.020386823514755632
V2,V0,0.05424323473338569,PN,15,14252,0.06975610457879604
