cause,effect,low,query,tinfer,tlearn,upp
V1,V0,0.446644578761214,PS,294,12891,0.984848711976583
V2,V0,0.752716912547045,PS,42,12891,0.9568265657544869
V1,V0,0.34549699517116167,PN,35,12891,0.7618188753792308
V2,V0,0.43944093141078816,PN,32,12891,0.5586014479612988
