cause,effect,low,query,tinfer,tlearn,upp
V1,V0,0.0,PS,244,13478,0.9519277120286476
V2,V0,0.7456393471175199,PS,21,13478,0.8401822719934171
V1,V0,0.0,PN,26,13478,0.6289691438674493
V2,V0,0.6288146849072831,PN,9,13478,0.7085448919381635
