cause,effect,low,query,tinfer,tlearn,upp
V1,V0,0.305214983803808,PS,660,12564,0.5081797467947422
V2,V0,0.2993280018779595,PS,33,12564,0.5104019571986976
V1,V0,0.6006043840371442,PN,21,12564,1.0
V2,V0,0.5864554350864923,PN,24,12564,1.0
