cause,effect,low,query,tinfer,tlearn,upp
V1,V0,0.0,PS,505,13449,1.0
V2,V0,0.31072919773337304,PS,52,13449,1.0
V1,V0,0.0,PN,44,13449,0.1219496358282676
V2,V0,0.06921470501412501,PN,35,13449,0.22274927981990267
