cause,effect,low,query,tinfer,tlearn,upp
V1,V0,0.28685850834379806,PS,1395,13199,0.4531875458423276
V2,V0,0.6892424266140106,PS,41,13199,0.9345471128746076
V1,V0,0.369625211578866,PN,21,13199,0.5839448287032099
V2,V0,0.6525246335303326,PN,14,13199,0.8847612810794686
