cause,effect,low,query,tinfer,tlearn,upp
V1,V0,0.0,PS,5134,18993,1.0
V2,V0,0.80536,PS,3377,18993,1.0
V3,V0,0.23401123142911417,PS,3355,18993,1.0
V1,V0,0.0,PN,3341,18993,0.089452880694124
V2,V0,0.13867858018731624,PN,3355,18993,0.17219452193716625
V3,V0,0.027846263868695858,PN,3563,18993,0.11899541615433507
