cause,effect,low,query,tinfer,tlearn,upp
V1,V0,0.24846942830838473,PS,2784,2801,0.36900608130371304
V2,V0,0.42394434425825195,PS,1273,2801,0.670878432046893
V3,V0,0.0947806818203181,PS,1319,2801,0.23968401121336644
V1,V0,0.013899497718498847,PN,1166,2801,0.020642375281788652
V2,V0,0.015141355184403456,PN,1205,2801,0.023960712680223383
V3,V0,0.004446215072456276,PN,1112,2801,0.011243711722858677
