cause,effect,low,query,tinfer,tlearn,upp
V1,V0,1.0,PS,275,13569,1.0
V2,V0,1.0,PS,21,13569,1.0
V1,V0,0.4200774168713176,PN,13,13569,0.4200774168713176
V2,V0,0.860368384418814,PN,9,13569,0.860368384418814
