cause,effect,low,query,tinfer,tlearn,upp
V1,V0,0.0,PS,1342,13509,0.4970213332445836
V2,V0,0.0,PS,55,13509,0.49162861491628607
V1,V0,0.0,PN,22,13509,0.0023071318708006157
V2,V0,0.0,PN,10,13509,0.002285805947105649
