cause,effect,low,query,tinfer,tlearn,upp
V1,V0,0.24078822781724027,PS,299,13343,0.7336285416362773
V2,V0,0.6375138952009222,PS,62,13343,0.8710983183404359
V1,V0,0.29375030118551765,PN,60,13343,0.894992280218604
V2,V0,0.6134039915299995,PN,53,13343,0.8381545712296821
