cause,effect,low,query,tinfer,tlearn,upp
V1,V0,0.0,PS,774,12794,0.5541942974333592
V2,V0,0.0,PS,45,12794,0.4230023714308921
V1,V0,0.0,PN,14,12794,0.686226570387965
V2,V0,0.0,PN,7,12794,0.6763222981864437
