cause,effect,low,query,tinfer,tlearn,upp
V1,V0,0.28052513473964613,PS,1268,11965,0.45884902209625467
V2,V0,0.0,PS,131,11965,0.38199937831504227
V1,V0,0.59610805815416,PN,109,11965,0.9750413266946271
V2,V0,0.0,PN,96,11965,0.925043486702596
