cause,effect,low,query,tinfer,tlearn,upp
V1,V0,0.2969980375229373,PS,1224,7729,1.0
V2,V0,0.3127366650220243,PS,586,7729,1.0
V3,V0,0.0,PS,407,7729,0.43215547703180207
V1,V0,0.03497231616053482,PN,396,7729,0.11775268433493906
V2,V0,0.021060143020096837,PN,355,7729,0.0673414580877931
V3,V0,0.0,PN,322,7729,0.06891670839101659
