cause,effect,low,query,tinfer,tlearn,upp
V1,V0,0.2549114257773298,PS,941,12692,0.30386048763899526
V2,V0,0.0051323108451973515,PS,115,12692,0.2864198730999537
V1,V0,0.8336541219170744,PN,96,12692,0.9937355582846881
V2,V0,0.0095577729631843,PN,94,12692,0.5333925013125642
