cause,effect,low,query,tinfer,tlearn,upp
V1,V0,0.0,PS,313,10933,1.0
V2,V0,0.43185232478647756,PS,44,10933,0.6280228717040058
V1,V0,0.0,PN,28,10933,0.72433561337285
V2,V0,0.30391782575454807,PN,34,10933,0.4419736440848854
