cause,effect,low,query,tinfer,tlearn,upp
V1,V0,0.4218292948333014,PS,761,6482,0.8750091404573296
V2,V0,0.9571351218049519,PS,372,6482,0.9732885983588385
V3,V0,0.47269711856658536,PS,419,6482,0.7556756913896561
V1,V0,0.01510359311544787,PN,377,6482,0.031329692346255614
V2,V0,0.6784070080348479,PN,245,6482,0.6898564172651953
V3,V0,0.018277768097580922,PN,203,6482,0.02921969375671931
