cause,effect,low,query,tinfer,tlearn,upp
V1,V0,0.15922248241019937,PS,1888,1665,0.7384500333788174
V2,V0,0.6222851361743168,PS,1011,1665,0.7302667612010385
V3,V0,0.8618091107688207,PS,553,1665,0.9888934370275213
V1,V0,0.0112131339147405,PN,469,1665,0.05200483617815305
V2,V0,0.2937418338525312,PN,404,1665,0.34471319523314503
V3,V0,0.28569128646084196,PN,411,1665,0.32781997157704834
