cause,effect,low,query,tinfer,tlearn,upp
V1,V0,0.45468353921055804,PS,118,12560,0.45468353921055804
V2,V0,0.0,PS,22,12560,0.7265687983951103
V1,V0,0.12845497756350419,PN,8,12560,0.12845497756350419
V2,V0,0.0,PN,8,12560,0.5448032604126688
