cause,effect,low,query,tinfer,tlearn,upp
V1,V0,0.3297391784350706,PS,345,4795,1.0
V2,V0,0.4083071966258294,PS,88,4795,1.0
V3,V0,0.9105980297454929,PS,90,4795,0.9105980297454929
V1,V0,0.007332860993368499,PN,97,4795,0.022238367391372704
V2,V0,0.013532378369657193,PN,77,4795,0.03314263985912106
V3,V0,0.024319487922242703,PN,98,4795,0.024319487922242703
