cause,effect,low,query,tinfer,tlearn,upp
V1,V0,0.0,PS,1399,12770,0.11159602591526248
V2,V0,0.09333558650521005,PS,48,12770,0.14002428736461472
V1,V0,0.0,PN,22,12770,1.0
V2,V0,0.6665671239030829,PN,12,12770,1.0
