cause,effect,low,query,tinfer,tlearn,upp
V1,V0,0.0,PS,1229,14165,1.0
V2,V0,0.07852437053125343,PS,34,14165,1.0
V1,V0,0.0,PN,16,14165,0.005336908708182351
V2,V0,0.001508855007327376,PN,18,14165,0.01921511751217207
