cause,effect,low,query,tinfer,tlearn,upp
V1,V0,0.08834261291776302,PS,203,13024,0.5420634113012255
V2,V0,0.31587157864880494,PS,31,13024,0.40677670263017224
V1,V0,0.16143231550397227,PN,9,13024,0.9905361495001018
V2,V0,0.41962306595679577,PN,11,13024,0.5403869757691937
