cause,effect,low,query,tinfer,tlearn,upp
V1,V0,0.2380445841782521,PS,510,12605,1.0
V2,V0,0.5098567985190564,PS,46,12605,1.0
V1,V0,0.08167821605031961,PN,46,12605,0.34312150529397234
V2,V0,0.19440028061069506,PN,30,12605,0.3812840805013395
