cause,effect,low,query,tinfer,tlearn,upp
V1,V0,0.05319239229080476,PS,347,4820,0.05319239229080476
V2,V0,0.0,PS,81,4820,0.6373443983402489
V3,V0,0.0,PS,82,4820,0.05913605913605915
V1,V0,0.061881724841471454,PN,73,4820,0.061881724841471454
V2,V0,0.0,PN,52,4820,0.11660247574256716
V3,V0,0.0,PN,49,4820,0.023497321179224415
