cause,effect,low,query,tinfer,tlearn,upp
V1,V0,0.3766272004849927,PS,805,13027,1.0
V2,V0,0.2651319659594493,PS,471,13027,1.0
V1,V0,0.29446962201955357,PN,215,13027,0.7818596788557949
V2,V0,0.21288527362811568,PN,173,13027,0.802940802923309
