cause,effect,low,query,tinfer,tlearn,upp
V1,V0,0.0,PS,254,11037,0.3433173752615275
V2,V0,0.22365318842523219,PS,32,11037,0.3897591524741853
V1,V0,0.0,PN,9,11037,1.0
V2,V0,0.5738240834255849,PN,4,11037,1.0
