cause,effect,low,query,tinfer,tlearn,upp
V1,V0,0.0,PS,272,13138,0.2632227399074782
V2,V0,0.0,PS,40,13138,0.23001453051637324
V1,V0,0.0,PN,51,13138,1.0
V2,V0,0.0,PN,41,13138,1.0
