cause,effect,low,query,tinfer,tlearn,upp
V1,V0,0.31785496438193034,PS,107,10895,0.9265436312277161
V2,V0,0.1697491340738618,PS,11,10895,1.0
V1,V0,0.20700205922054649,PN,27,10895,0.6034086646869539
V2,V0,0.09173508905691329,PN,4,10895,0.5404156525299105
