cause,effect,low,query,tinfer,tlearn,upp
V1,V0,0.1601378947368421,PS,738573,14073,0.8624561403508773
V2,V0,0.0,PS,697680,14073,0.9416632856888447
V3,V0,0.2145977022200444,PS,693550,14073,1.0
V1,V0,0.1234215967747665,PN,695356,14073,0.6647128349303694
V2,V0,0.0,PN,693754,14073,0.8701872910892324
V3,V0,0.16564091774216044,PN,694143,14073,0.7718671543477916
