cause,effect,low,query,tinfer,tlearn,upp
V1,V0,0.7245928467422975,PS,1189,12786,0.7576673729328037
V2,V0,0.8958613666666536,PS,56,12786,0.9743211021022508
V1,V0,0.22157353698085824,PN,20,12786,0.2316874095990389
V2,V0,0.2108264755413617,PN,16,12786,0.22929070461660617
