cause,effect,low,query,tinfer,tlearn,upp
V1,V0,0.08734110448406934,PS,186,11340,0.32347324701010544
V2,V0,0.017404398284828773,PS,13,11340,0.38150789128310375
V1,V0,0.2700102876864521,PN,14,11340,1.0
V2,V0,0.045620021715130334,PN,15,11340,1.0
