cause,effect,low,query,tinfer,tlearn,upp
V1,V0,0.493873444434203,PS,460,6720,0.545952393995655
V2,V0,0.466325491458425,PS,122,6720,0.8289764814230406
V3,V0,0.0,PS,125,6720,0.7874167209850431
V1,V0,0.5646191330818568,PN,99,6720,0.6241582147728917
V2,V0,0.3490016764930534,PN,88,6720,0.6204125382147319
V3,V0,0.0,PN,93,6720,0.1949871489843368
