cause,effect,low,query,tinfer,tlearn,upp
V1,V0,1.0,PS,252,12977,1.0
V2,V0,0.8472790836745022,PS,11,12977,1.0
V1,V0,0.15503643850838117,PN,18,12977,0.15503643850838117
V2,V0,0.1793450878481067,PN,8,12977,0.21167179894293894
