cause,effect,low,query,tinfer,tlearn,upp
V1,V0,0.9454382824422187,PS,1308167,9688,0.9798905671997998
V2,V0,0.03513389458750529,PS,1288128,9688,0.13132938561238183
V3,V0,0.0,PS,1267954,9688,0.9833556262178313
V1,V0,0.2067448927956162,PN,1285258,9688,0.21427878903300016
V2,V0,0.008407904783476758,PN,1281353,9688,0.031428481882395665
V3,V0,0.0,PN,1254041,9688,0.153538884125065
