cause,effect,low,query,tinfer,tlearn,upp
V1,V0,0.12966138060989768,PS,211192,6174,0.7343854733629747
V2,V0,0.04791310155736968,PS,205216,6174,0.9161580011355449
V3,V0,0.6297419146614064,PS,198531,6174,0.9206615714771499
V1,V0,0.04721325204234614,PN,186872,6174,0.2674098200021562
V2,V0,0.014329521111756581,PN,193289,6174,0.27399823831603365
V3,V0,0.45511933326111575,PN,194316,6174,0.665369210488556
