cause,effect,low,query,tinfer,tlearn,upp
V1,V0,0.6005401886788554,PS,174,1103,0.6312135971175814
V2,V0,0.6907909489468892,PS,72,1103,0.6936696114304078
V3,V0,0.5503153213828561,PS,54,1103,0.5774334441059842
V1,V0,0.13981548360356508,PN,60,1103,0.146956749942567
V2,V0,0.3722570442916252,PN,43,1103,0.3738083130065113
V3,V0,0.09804502324831836,PN,56,1103,0.1028764296612067
