cause,effect,low,query,tinfer,tlearn,upp
V1,V0,0.8097159210221887,PS,3890660,16224,0.9513723610540792
V2,V0,0.7919316619893634,PS,3864212,16224,0.9813110248404171
V3,V0,0.1677389978223946,PS,3827039,16224,0.8058683685768663
V1,V0,0.19902391650720408,PN,3842399,16224,0.23384232474354424
V2,V0,0.18376624317454904,PN,3824569,16224,0.227711365861657
V3,V0,0.009151470410913647,PN,3773329,16224,0.043966403912411106
