cause,effect,low,query,tinfer,tlearn,upp
V1,V0,0.7362263870512245,PS,842,2850,0.7819290177294795
V2,V0,0.033499974230789056,PS,395,2850,0.9580208344070504
V3,V0,0.18675564629734998,PS,346,2850,0.5939489565879166
V1,V0,0.23141427009246088,PN,345,2850,0.2457797439544807
V2,V0,0.011593846449166806,PN,207,2850,0.33155686546796453
V3,V0,0.05491732450684842,PN,207,2850,0.17465650027795432
