cause,effect,low,query,tinfer,tlearn,upp
V1,V0,0.13347277792392478,PS,725,13400,1.0
V2,V0,0.4385423825698789,PS,39,13400,0.8566324051812784
V1,V0,0.028781849157393236,PN,19,13400,0.21563834667319182
V2,V0,0.11987886727612755,PN,18,13400,0.23416692772857156
