cause,effect,low,query,tinfer,tlearn,upp
V1,V0,0.9676379312719647,PS,163,1636,0.9712649887714317
V2,V0,0.17192844697493553,PS,42,1636,0.373013791741367
V3,V0,0.7015712626927009,PS,39,1636,1.0
V1,V0,0.32919748368620316,PN,43,1636,0.3304314351089633
V2,V0,0.004037339093270662,PN,30,1636,0.008759360014146414
V3,V0,0.029756658410584346,PN,39,1636,0.042414306276422016
