cause,effect,low,query,tinfer,tlearn,upp
V1,V0,0.28052513473964613,PS,347,1431,0.45884902209625467
V2,V0,0.0,PS,166,1431,0.38199937831504227
V1,V0,0.59610805815416,PN,147,1431,0.9750413266946271
V2,V0,0.0,PN,91,1431,0.925043486702596
