cause,effect,low,query,tinfer,tlearn,upp
V1,V0,0.4431734681884923,PS,167,12510,0.6687151516348803
V2,V0,0.015421802954737935,PS,28,12510,0.6932518584736991
V1,V0,0.5016161593475521,PN,12,12510,0.7569007400910891
V2,V0,0.002374789233153732,PN,4,12510,0.10675321518495771
