cause,effect,low,query,tinfer,tlearn,upp
V1,V0,0.07329991460511706,PS,360,11178,0.48698268053529487
V2,V0,0.9232776044042535,PS,52,11178,1.0
V1,V0,0.07592901469175194,PN,43,11178,0.5044496341392988
V2,V0,0.6927985040713592,PN,36,11178,0.7503685790346759
