cause,effect,low,query,tinfer,tlearn,upp
V1,V0,0.8894359535425673,PS,2279,3046,1.0
V2,V0,0.7282850206725534,PS,1066,3046,1.0
V3,V0,0.2857707836557213,PS,814,3046,0.8326546099344068
V1,V0,0.15735578015132,PN,779,3046,0.17691636989103246
V2,V0,0.16108162963937248,PN,780,3046,0.2211793804170481
V3,V0,0.0670402489578543,PN,760,3046,0.19533617688908952
