cause,effect,low,query,tinfer,tlearn,upp
V1,V0,0.8231438207261383,PS,2791,5224,1.0
V2,V0,0.8003441960547797,PS,1676,5224,0.9228678291568081
V3,V0,0.8560611450255664,PS,1541,5224,0.99306486129617
V1,V0,0.15942052327727,PN,1467,5224,0.19367274498475465
V2,V0,0.20580712695125494,PN,1357,5224,0.23731386747196992
V3,V0,0.19420045561073634,PN,1445,5224,0.2252802263429084
