cause,effect,low,query,tinfer,tlearn,upp
V1,V0,0.2881873827340172,PS,609,4911,1.0
V2,V0,0.4510830563073605,PS,447,4911,1.0
V3,V0,0.3094014199102977,PS,388,4911,1.0
V1,V0,0.04940445777244848,PN,393,4911,0.17143171676619304
V2,V0,0.08932915199083435,PN,370,4911,0.19803260340146078
V3,V0,0.05741721222325584,PN,233,4911,0.18557514131610106
