cause,effect,low,query,tinfer,tlearn,upp
V1,V0,0.4019728393599064,PS,219,6224,0.6029137748235674
V2,V0,0.0,PS,47,6224,0.9505939524838013
V3,V0,0.10808767030784854,PS,64,6224,0.8740759627174073
V1,V0,0.14013681132409483,PN,55,6224,0.21018936016097242
V2,V0,0.0,PN,55,6224,0.08878988425107899
V3,V0,0.027324332625069593,PN,76,6224,0.22096453995950466
