cause,effect,low,query,tinfer,tlearn,upp
V1,V0,0.30541164650573066,PS,166,3623,0.5588929199889795
V2,V0,0.44145206153209654,PS,47,3623,0.628909327900489
V3,V0,0.5760629499772516,PS,37,3623,0.7651388742873974
V1,V0,0.020371331856463892,PN,35,3623,0.037278844063695506
V2,V0,0.027781729448567567,PN,41,3623,0.03957890407119891
V3,V0,0.03653294909833538,PN,39,3623,0.0485238280792107
