cause,effect,low,query,tinfer,tlearn,upp
V1,V0,0.7599283167914069,PS,1398,12517,0.94250390986826
V2,V0,0.0,PS,54,12517,0.34609968322052675
V1,V0,0.6699990597504365,PN,58,12517,0.8309688157023616
V2,V0,0.0,PN,28,12517,0.3396956563980985
