cause,effect,low,query,tinfer,tlearn,upp
V1,V0,0.6901886724473374,PS,316,12933,1.0
V2,V0,0.4055160981746229,PS,67,12933,1.0
V1,V0,0.26875521966127297,PN,50,12933,0.389393843147693
V2,V0,0.10957634003838658,PN,66,12933,0.270214525469223
