cause,effect,low,query,tinfer,tlearn,upp
V1,V0,1.0,PS,292,13037,1.0
V2,V0,0.6436512580456409,PS,16,13037,0.6436512580456409
V1,V0,0.007729,PN,18,13037,0.007729
V2,V0,0.008554322166222036,PN,5,13037,0.008554322166222036
