cause,effect,low,query,tinfer,tlearn,upp
V1,V0,0.34431506727236405,PS,306,13620,0.9175438943462063
V2,V0,0.6508753380220006,PS,39,13620,0.8547126941640985
V1,V0,0.3752573249018293,PN,11,13620,1.0
V2,V0,0.6120167786834454,PN,22,13620,0.8036846370179703
