cause,effect,low,query,tinfer,tlearn,upp
V1,V0,0.8010482728991137,PS,326,5124,0.9717364107517993
V2,V0,0.25001135062455837,PS,109,5124,0.779849997168702
V3,V0,0.9051528652943996,PS,91,5124,0.9928391897496124
V1,V0,0.040818594342311165,PN,100,5124,0.04951625975620406
V2,V0,0.013907538215290942,PN,81,5124,0.04338120493619253
V3,V0,0.09515733524232942,PN,88,5124,0.10437566431389288
