cause,effect,low,query,tinfer,tlearn,upp
V1,V0,0.2841583621664759,PS,307,12892,0.4333853740566966
V2,V0,0.7373453886560389,PS,60,12892,0.9191656099085131
V1,V0,0.4002028780748878,PN,58,12892,0.6103711771517027
V2,V0,0.7058131419264565,PN,54,12892,0.8798579024990854
