cause,effect,low,query,tinfer,tlearn,upp
V1,V0,0.6961295743972742,PS,447,11548,0.9860096136885187
V2,V0,0.8287140131997282,PS,91,11548,1.0
V1,V0,0.6101809148084577,PN,87,11548,0.8642704896014688
V2,V0,0.6636533986885245,PN,80,11548,0.8008231888418395
