cause,effect,low,query,tinfer,tlearn,upp
V1,V0,0.0,PS,190,11877,0.33752556984614346
V2,V0,0.6779797662676655,PS,22,11877,0.846709487060845
V1,V0,0.0,PN,26,11877,0.34547853868336875
V2,V0,0.728543746523907,PN,10,11877,0.9098573919344756
