cause,effect,low,query,tinfer,tlearn,upp
V1,V0,0.860581886359667,PS,412,13286,0.9571406992395589
V2,V0,0.00339825681289222,PS,38,13286,0.363234390570061
V1,V0,0.7129588629810029,PN,17,13286,0.7929541110019115
V2,V0,0.009355548100935557,PN,11,13286,1.0
