cause,effect,low,query,tinfer,tlearn,upp
V1,V0,0.03479868337424807,PS,88,1283,0.14635369509710497
V2,V0,0.0,PS,13,1283,0.5765626090218309
V1,V0,0.035397343250676436,PN,17,1283,0.148871493948268
V2,V0,0.0,PN,11,1283,0.6044483985765124
