cause,effect,low,query,tinfer,tlearn,upp
V1,V0,0.22096849158103513,PS,547,13653,1.0
V2,V0,0.1706009168148492,PS,115,13653,1.0
V1,V0,0.003913283342764479,PN,81,13653,0.0177096893532867
V2,V0,0.00287298142971601,PN,69,13653,0.016840363365889864
