cause,effect,low,query,tinfer,tlearn,upp
V1,V0,1.0,PS,200,10236,1.0
V2,V0,0.5751742057399315,PS,27,10236,1.0
V1,V0,0.1149908,PN,9,10236,0.1149908
V2,V0,0.10415894192188759,PN,15,10236,0.18109112140710923
