cause,effect,low,query,tinfer,tlearn,upp
V1,V0,0.3010689054322629,PS,266,1807,1.0
V2,V0,0.21666320397359826,PS,112,1807,0.6900282702583083
V3,V0,0.0,PS,105,1807,0.896571687970476
V1,V0,0.007912109593385761,PN,104,1807,0.026280062306752887
V2,V0,0.0065797306896853485,PN,100,1807,0.020955104989227136
V3,V0,0.0,PN,101,1807,0.01766857031076895
