cause,effect,low,query,tinfer,tlearn,upp
V1,V0,0.19001406235698418,PS,237,13109,1.0
V2,V0,0.6543701309791248,PS,32,13109,0.968102576229325
V1,V0,0.07699546504374799,PN,9,13109,0.40520929918910265
V2,V0,0.563820190928744,PN,21,13109,0.8341392027651089
