cause,effect,low,query,tinfer,tlearn,upp
V1,V0,1.0,PS,931,13224,1.0
V2,V0,0.0,PS,51,13224,0.0
V1,V0,0.36143580000000003,PN,17,13224,0.36143580000000003
V2,V0,0.0,PN,27,13224,0.0
