cause,effect,low,query,tinfer,tlearn,upp
V1,V0,0.1492075889225162,PS,12811,18265,1.0
V2,V0,0.4510830563073605,PS,11598,18265,1.0
V3,V0,0.30940141991029774,PS,11267,18265,1.0
V1,V0,0.02557891312353136,PN,10672,18265,0.17143171676619304
V2,V0,0.08932915199083435,PN,10395,18265,0.19803260340146084
V3,V0,0.057417212223255853,PN,10637,18265,0.18557514131610114
