cause,effect,low,query,tinfer,tlearn,upp
V1,V0,0.5086098278034439,PS,525,21867,1.0
V2,V0,0.035264571979162225,PS,184,21867,0.8315743553559395
V3,V0,0.28476292805395687,PS,153,21867,1.0
V1,V0,0.012158035084280577,PN,223,21867,0.02390444387751615
V2,V0,0.0010767446580539496,PN,113,21867,0.02539073054490072
V3,V0,0.009510376635599069,PN,137,21867,0.033397523689590106
