cause,effect,low,query,tinfer,tlearn,upp
V1,V0,0.07900440043318306,PS,2466,5239,1.0
V2,V0,0.07391646885774887,PS,1470,5239,0.12403428504027277
V3,V0,0.10013478287972355,PS,863,5239,1.0
V1,V0,0.003271428592810172,PN,615,5239,0.041408182011037985
V2,V0,0.015638674902560563,PN,571,5239,0.026242214901382007
V3,V0,0.003883445346736279,PN,520,5239,0.038782181726012846
