cause,effect,low,query,tinfer,tlearn,upp
V1,V0,0.9794318035737241,PS,342,13816,1.0
V2,V0,0.9971685888676604,PS,14,13816,1.0
V1,V0,0.31318852971159855,PN,16,13816,0.31976552994179364
V2,V0,0.5790094432844187,PN,6,13816,0.5806535121026183
