cause,effect,low,query,tinfer,tlearn,upp
V1,V0,1.0,PS,89,10953,1.0
V2,V0,0.012325749528659214,PS,24,10953,1.0
V1,V0,0.308893512668683,PN,14,10953,0.308893512668683
V2,V0,0.005216624062814584,PN,23,10953,0.42322976389266653
