cause,effect,low,query,tinfer,tlearn,upp
V1,V0,0.6797007643613783,PS,183,10393,0.923645707870893
V2,V0,0.0,PS,20,10393,0.3947846756152126
V1,V0,0.5252652116864327,PN,20,10393,0.7137831582754023
V2,V0,0.0,PN,24,10393,0.27343378015220354
