cause,effect,low,query,tinfer,tlearn,upp
V1,V0,0.0,PS,346,13348,1.0
V2,V0,0.10703249910944324,PS,36,13348,1.0
V1,V0,0.0,PN,18,13348,0.08756639029383224
V2,V0,0.028421037663875878,PN,25,13348,0.2655365230219908
