cause,effect,low,query,tinfer,tlearn,upp
V1,V0,0.7127016366499178,PS,268,13124,0.9016304793083414
V2,V0,0.8150278529853778,PS,22,13124,0.9271678036437995
V1,V0,0.4800009322636513,PN,13,13124,0.6072435481692485
V2,V0,0.6592341831879254,PN,11,13124,0.7499384315203627
