cause,effect,low,query,tinfer,tlearn,upp
V1,V0,0.9575285745240114,PS,395,4419,0.9575285745240114
V2,V0,0.3780048938533722,PS,194,4419,1.0
V3,V0,0.04795355719663323,PS,169,4419,1.0
V1,V0,0.3338065167592036,PN,169,4419,0.3338065167592036
V2,V0,0.2276995664205257,PN,173,4419,0.6023720066144174
V3,V0,0.026039186435582257,PN,162,4419,0.5430084431235989
