cause,effect,low,query,tinfer,tlearn,upp
V1,V0,0.6778599954167878,PS,888,14854,0.8996215084321936
V2,V0,0.11642411955614095,PS,433,14854,0.3595264843366649
V3,V0,0.6815218590031971,PS,315,14854,0.8503425728258099
V1,V0,0.4060312699537359,PN,320,14854,0.5388641696163631
V2,V0,0.09100869393624086,PN,262,14854,0.2810417282923088
V3,V0,0.40626082066048763,PN,257,14854,0.506896245388284
