cause,effect,low,query,tinfer,tlearn,upp
V1,V0,0.6271962513549829,PS,979,13245,1.0
V2,V0,0.44713764149978724,PS,42,13245,1.0
V1,V0,0.2758869596208352,PN,16,13245,0.43987341924447776
V2,V0,0.1572252041816419,PN,11,13245,0.3516259638850305
