cause,effect,low,query,tinfer,tlearn,upp
V1,V0,0.13689095127610207,PS,301,13412,0.13689095127610207
V2,V0,1.0,PS,22,13412,1.0
V1,V0,0.006943822418744653,PN,7,13412,0.006943822418744653
V2,V0,0.7164342,PN,9,13412,0.7164342
