cause,effect,low,query,tinfer,tlearn,upp
V1,V0,0.2454725961636672,PS,1427,12915,0.5663571452890187
V2,V0,0.0,PS,147,12915,0.6971771850028202
V1,V0,0.40677360457155276,PN,120,12915,0.9385126529988099
V2,V0,0.0,PN,112,12915,1.0
