cause,effect,low,query,tinfer,tlearn,upp
V1,V0,0.6624386403516349,PS,1102,11503,0.806814283563635
V2,V0,0.777612727386646,PS,26,11503,0.8157933209415008
V1,V0,0.013505019650203462,PN,24,11503,0.01644838040819584
V2,V0,0.054243234733385694,PN,8,11503,0.05690656421027864
