cause,effect,low,query,tinfer,tlearn,upp
V1,V0,0.9817444453629364,PS,1934,2137,0.9960849576329568
V2,V0,0.07750923083581059,PS,829,2137,0.14779819957074125
V3,V0,0.5367256760707305,PS,620,2137,0.98213414421156
V1,V0,0.4853232622604533,PN,618,2137,0.49241246376319203
V2,V0,0.01267003458468698,PN,611,2137,0.024159810127422687
V3,V0,0.015583347422374879,PN,604,2137,0.02851538181789661
