cause,effect,low,query,tinfer,tlearn,upp
V1,V0,0.40896984056958086,PS,1309,12021,1.0
V2,V0,0.8604408132243967,PS,57,12021,1.0
V1,V0,0.1154000997274164,PN,22,12021,0.28217264032647554
V2,V0,0.0435031467667509,PN,21,12021,0.05055913910420888
