cause,effect,low,query,tinfer,tlearn,upp
V1,V0,0.0,PS,469,13394,0.1990463782753433
V2,V0,0.0,PS,124,13394,0.17906889977884113
V1,V0,0.0,PN,115,13394,0.49121080945856344
V2,V0,0.0,PN,99,13394,1.0
