cause,effect,low,query,tinfer,tlearn,upp
V1,V0,0.7451610864687317,PS,489,11677,0.9369052841259411
V2,V0,0.0,PS,235,11677,0.836931139558132
V3,V0,0.82424,PS,165,11677,0.82424
V1,V0,0.5659830867142144,PN,193,11677,0.7116213585191147
V2,V0,0.0,PN,154,11677,0.26834939762552773
V3,V0,0.4485009562737943,PN,173,11677,0.4485009562737943
