cause,effect,low,query,tinfer,tlearn,upp
V1,V0,0.022632938502146368,PS,177,12908,0.2174142158013883
V2,V0,0.32496677391484613,PS,11,12908,0.44734898800977524
V1,V0,0.036345195184142476,PN,21,12908,0.3491354915473905
V2,V0,0.3535286239984533,PN,21,12908,0.48666720684385434
