cause,effect,low,query,tinfer,tlearn,upp
V1,V0,0.28643391010545716,PS,606,12797,1.0
V2,V0,0.7900312019071758,PS,38,12797,1.0
V1,V0,0.08670144931129438,PN,28,12797,0.30269268495260643
V2,V0,0.2628742595538726,PN,23,12797,0.33273908539217273
