cause,effect,low,query,tinfer,tlearn,upp
V1,V0,0.7118017800068531,PS,20975,5190,1.0
V2,V0,0.5192952220750804,PS,16782,5190,1.0
V3,V0,0.030036185962785397,PS,16533,5190,1.0
V1,V0,0.1660111444388525,PN,16646,5190,0.23322664975248333
V2,V0,0.1597976388411791,PN,16500,5190,0.3077202178033429
V3,V0,0.007483672793707221,PN,16405,5190,0.2491552290620198
