cause,effect,low,query,tinfer,tlearn,upp
V1,V0,0.0,PS,181,11247,0.02022
V2,V0,0.0,PS,14,11247,0.2775185286851496
V1,V0,0.0,PN,25,11247,0.0013408737032252586
V2,V0,0.0,PN,8,11247,0.020556521980981082
