cause,effect,low,query,tinfer,tlearn,upp
V1,V0,0.257573645264009,PS,517,173443,0.9951061388854429
V2,V0,0.04429916805542108,PS,232,173443,0.9803868824052328
V3,V0,0.15115660206381987,PS,198,173443,0.15115660206381987
V1,V0,0.09406439750284126,PN,191,173443,0.36340697554555773
V2,V0,0.02224732478933753,PN,147,173443,0.49235654639808013
V3,V0,0.26087,PN,149,173443,0.26087
