cause,effect,low,query,tinfer,tlearn,upp
V1,V0,0.03926807156895383,PS,589,14113,1.0
V2,V0,0.0,PS,138,14113,1.0
V1,V0,0.006822299208866831,PN,114,14113,0.17373654820015877
V2,V0,0.0,PN,95,14113,0.29839760232048324
