cause,effect,low,query,tinfer,tlearn,upp
V1,V0,0.10931655899353963,PS,612,5764,1.0
V2,V0,0.5899819561705799,PS,132,5764,1.0
V3,V0,0.1200213120061086,PS,93,5764,1.0
V1,V0,0.0031070668866540678,PN,99,5764,0.028422655407930368
V2,V0,0.036295337971407556,PN,96,5764,0.061519403418693004
V3,V0,0.0069576945796894175,PN,99,5764,0.05797049260164145
