cause,effect,low,query,tinfer,tlearn,upp
V1,V0,0.0,PS,354,13197,0.3394020231043584
V2,V0,0.9229525786875775,PS,77,13197,0.9946534200426683
V1,V0,0.0,PN,55,13197,0.3772946057733258
V2,V0,0.6822253618854598,PN,54,13197,0.7352249780851637
