cause,effect,low,query,tinfer,tlearn,upp
V1,V0,1.0,PS,150,10415,1.0
V2,V0,0.7245963912630577,PS,17,10415,0.7245963912630577
V1,V0,0.0038308599999999984,PN,22,10415,0.0038308599999999984
V2,V0,0.006003216321956935,PN,9,10415,0.006003216321956935
