cause,effect,low,query,tinfer,tlearn,upp
V1,V0,0.9500294647241884,PS,563,5966,0.987710296042434
V2,V0,0.11172865224605978,PS,156,5966,0.9907603988695641
V3,V0,0.6613396803808226,PS,108,5966,1.0
V1,V0,0.6452659117975975,PN,120,5966,0.6708589664139805
V2,V0,0.014972923990479477,PN,123,5966,0.13277328462157537
V3,V0,0.02708714386249831,PN,119,5966,0.04095798976843576
