cause,effect,low,query,tinfer,tlearn,upp
V1,V0,0.6658473729750772,PS,9852,8566,0.7741774712012712
V2,V0,0.056650744866662495,PS,7949,8566,0.7518421029743272
V3,V0,0.0,PS,7955,8566,0.9688640485673087
V1,V0,0.08919176424222042,PN,7900,8566,0.10370282634667198
V2,V0,0.007432682006974853,PN,7768,8566,0.09864306787168003
V3,V0,0.0,PN,7742,8566,0.054233381845896794
