cause,effect,low,query,tinfer,tlearn,upp
V1,V0,0.28032777385864577,PS,486,11022,0.5161792658328029
V2,V0,0.004680840282153374,PS,130,11022,0.5216224076859226
V1,V0,0.4751979390735449,PN,127,11022,0.8750018592161639
V2,V0,0.006798245459404347,PN,86,11022,0.7575813210492693
