cause,effect,low,query,tinfer,tlearn,upp
V1,V0,0.9951740410165061,PS,1347,14023,1.0
V2,V0,0.18399767110213616,PS,29,14023,0.7674344905351674
V1,V0,0.6260927577339503,PN,19,14023,0.6291289080394792
V2,V0,0.0015201523854430827,PN,25,14023,0.0063403920520860736
