cause,effect,low,query,tinfer,tlearn,upp
V1,V0,0.36469148416867203,PS,53025,8609,0.6466741731579723
V2,V0,0.5723843484558663,PS,49142,8609,0.9301324905876582
V3,V0,0.04842307441063617,PS,47229,8609,0.4668958425004151
V1,V0,0.470619146374482,PN,46521,8609,0.8345060429578636
V2,V0,0.5816486367995504,PN,45972,8609,0.9451870874051278
V3,V0,0.09416641043087018,PN,45551,8609,0.9079536165036198
