cause,effect,low,query,tinfer,tlearn,upp
V1,V0,0.7178123547669522,PS,455,13243,0.9902984991006556
V2,V0,0.5433329892895408,PS,21,13243,0.8001525515512223
V1,V0,0.3008814306865811,PN,15,13243,0.4150979392280268
V2,V0,0.2122811459362549,PN,12,13243,0.3126209965443405
