cause,effect,low,query,tinfer,tlearn,upp
V1,V0,0.28685850834379806,PS,307,11169,0.4531875458423276
V2,V0,0.6892424266140106,PS,43,11169,0.9345471128746076
V1,V0,0.3696252115788661,PN,12,11169,0.5839448287032097
V2,V0,0.6525246335303325,PN,15,11169,0.8847612810794686
