cause,effect,low,query,tinfer,tlearn,upp
V1,V0,0.0,PS,389,12605,0.865833058760561
V2,V0,0.0,PS,30,12605,1.0
V1,V0,0.0,PN,12,12605,0.10856565903554481
V2,V0,0.0,PN,12,12605,0.28036749455125354
