cause,effect,low,query,tinfer,tlearn,upp
V1,V0,0.7603996835368194,PS,666,13649,1.0
V2,V0,0.8333465726058606,PS,44,13649,0.8907832095138242
V1,V0,0.25988258031275063,PN,24,13649,0.34177102639491935
V2,V0,0.2970281615189428,PN,4,13649,0.31750019467467544
