cause,effect,low,query,tinfer,tlearn,upp
V1,V0,0.6000032969500074,PS,237,13016,0.8107982439292946
V2,V0,0.30648143076587453,PS,21,13016,0.41446449480116604
V1,V0,0.32461439104674866,PN,19,13016,0.4386588866307695
V2,V0,0.23301631064720224,PN,4,13016,0.31511529827919904
