cause,effect,low,query,tinfer,tlearn,upp
V1,V0,0.0,PS,511,10893,0.7202288598934178
V2,V0,0.5936139904301511,PS,118,10893,1.0
V1,V0,0.0,PN,99,10893,0.6091365189870831
V2,V0,0.5068724229979649,PN,80,10893,0.8538754664974615
