cause,effect,low,query,tinfer,tlearn,upp
V1,V0,0.0,PS,83563,8394,1.0
V2,V0,0.0,PS,78999,8394,1.0
V3,V0,0.0,PS,80799,8394,1.0
V1,V0,0.0,PN,76759,8394,0.10590740949546078
V2,V0,0.0,PN,77731,8394,0.04083512567934289
V3,V0,0.0,PN,77161,8394,0.10571427761309045
