cause,effect,low,query,tinfer,tlearn,upp
V1,V0,0.9954853722566759,PS,438,12462,0.9954853722566759
V2,V0,0.9525849833477186,PS,31,12462,0.9525849833477186
V1,V0,1.0,PN,12,12462,1.0
V2,V0,1.0,PN,15,12462,1.0
