cause,effect,low,query,tinfer,tlearn,upp
V1,V0,0.1556243733529992,PS,327,7344,1.0
V2,V0,0.5289599999999999,PS,138,7344,0.5289599999999999
V3,V0,0.02492475739944224,PS,141,7344,1.0
V1,V0,0.08257302564614787,PN,107,7344,0.5305918595337851
V2,V0,0.2085663259134119,PN,107,7344,0.2085663259134119
V3,V0,0.014121424096819048,PN,112,7344,0.5665621482492363
