cause,effect,low,query,tinfer,tlearn,upp
V1,V0,0.17214333288820693,PS,424,13395,1.0
V2,V0,0.0,PS,32,13395,1.0
V1,V0,0.05236564694285968,PN,19,13395,0.3041979382196979
V2,V0,0.0,PN,21,13395,0.22491412154103826
