cause,effect,low,query,tinfer,tlearn,upp
V1,V0,0.0353487791924957,PS,5048,4088,0.07399672164907818
V2,V0,0.44281687379000784,PS,2750,4088,0.8587044377496583
V3,V0,0.3248092767910004,PS,2757,4088,0.8311708927099011
V1,V0,0.012820000706448906,PN,2729,4088,0.026836514456416508
V2,V0,0.026865457420935504,PN,2553,4088,0.05209712835033426
V3,V0,0.016225364736968364,PN,2467,4088,0.04151990677793167
