cause,effect,low,query,tinfer,tlearn,upp
V1,V0,0.4051956889887218,PS,1389,13026,0.8952486053875908
V2,V0,0.077523805075699,PS,318,13026,0.6403623744477942
V1,V0,0.39157039370078733,PN,239,13026,0.8651445669291339
V2,V0,0.12062016539913009,PN,220,13026,0.9963470632775336
