cause,effect,low,query,tinfer,tlearn,upp
V1,V0,1.0,PS,1154,10996,1.0
V2,V0,1.0,PS,49,10996,1.0
V1,V0,0.29121,PN,37,10996,0.29121
V2,V0,0.8582361959348368,PN,21,10996,0.8582361959348368
