cause,effect,low,query,tinfer,tlearn,upp
V1,V0,0.21065725310037894,PS,2138,7541,1.0
V2,V0,0.4132034740269481,PS,1236,7541,1.0
V3,V0,0.9303403482982585,PS,834,7541,1.0
V1,V0,0.011585069335983354,PN,1622,7541,0.05499487516085206
V2,V0,0.029954663070414972,PN,1147,7541,0.0724937348141981
V3,V0,0.21008006398581233,PN,726,7541,0.2258099031930437
