cause,effect,low,query,tinfer,tlearn,upp
V1,V0,0.0,PS,816,12212,0.23261024425389965
V2,V0,0.37842278977044597,PS,34,12212,0.5149345172111998
V1,V0,0.0,PN,22,12212,0.728306721946742
V2,V0,0.3662087989914797,PN,20,12212,0.49831446785105343
