cause,effect,low,query,tinfer,tlearn,upp
V1,V0,0.03504960357732818,PS,7583,24264,1.0
V2,V0,0.09865728811771607,PS,5446,24264,1.0
V3,V0,0.8446,PS,5832,24264,1.0
V1,V0,0.0029140659430369593,PN,5506,24264,0.08314119549477363
V2,V0,0.008514245927753444,PN,5155,24264,0.08630123623096551
V3,V0,0.13611308742117748,PN,5657,24264,0.16115686410274388
