cause,effect,low,query,tinfer,tlearn,upp
V1,V0,0.0,PS,1118177,12120,1.0
V2,V0,0.0,PS,1192937,12120,1.0
V3,V0,0.0,PS,1196594,12120,1.0
V1,V0,0.0,PN,1193389,12120,0.1059074094954608
V2,V0,0.0,PN,1186724,12120,0.04083512567934288
V3,V0,0.0,PN,1170683,12120,0.10571427761309043
