cause,effect,low,query,tinfer,tlearn,upp
V1,V0,0.46183219374647333,PS,250,12913,1.0
V2,V0,0.8084412803557118,PS,52,12913,0.9697526280642375
V1,V0,0.1269454970832311,PN,45,12913,0.2748736419897981
V2,V0,0.18088208876602271,PN,38,12913,0.21697417637236305
