cause,effect,low,query,tinfer,tlearn,upp
V1,V0,0.7297031895005229,PS,389,12771,0.9364095846338908
V2,V0,0.8817190548810395,PS,23,12771,0.920617878761421
V1,V0,0.09140562428369281,PN,7,12771,0.11729851794574471
V2,V0,0.12004400247318173,PN,6,12771,0.1253399870436075
