cause,effect,low,query,tinfer,tlearn,upp
V1,V0,0.0,PS,1157,13867,0.5080746494392482
V2,V0,0.0,PS,56,13867,0.3413219993875034
V1,V0,0.0,PN,69,13867,0.9206460365226552
V2,V0,0.0,PN,63,13867,0.786922993694556
