cause,effect,low,query,tinfer,tlearn,upp
V1,V0,0.0749337636273193,PS,1143,12656,0.8398545326603569
V2,V0,0.0,PS,54,12656,1.0
V1,V0,0.005960932223096288,PN,19,12656,0.06680988254303295
V2,V0,0.0,PN,9,12656,0.06736655993186538
