cause,effect,low,query,tinfer,tlearn,upp
V1,V0,0.18444819697783452,PS,342,13235,0.8505720297857999
V2,V0,0.6433564957907882,PS,30,13235,1.0
V1,V0,0.015810271233072336,PN,5,13235,0.07290813743109902
V2,V0,0.08692345375395608,PN,13,13235,0.13510931236827448
