cause,effect,low,query,tinfer,tlearn,upp
V1,V0,0.8462733233007671,PS,3543,3612,1.0
V2,V0,0.6400269554597268,PS,1378,3612,1.0
V3,V0,0.3608916921382466,PS,1204,3612,1.0
V1,V0,0.4066765339701074,PN,1123,3612,0.4805498681961571
V2,V0,0.08811450732747815,PN,2140,3612,0.13767311919571595
V3,V0,0.05627672428170411,PN,1307,3612,0.1559379877887192
