cause,effect,low,query,tinfer,tlearn,upp
V1,V0,0.0,PS,959,12587,1.0
V2,V0,0.47486035398289606,PS,46,12587,1.0
V1,V0,0.0,PN,18,12587,0.011790882795363052
V2,V0,0.011460942223471816,PN,9,12587,0.02413539502159539
