cause,effect,low,query,tinfer,tlearn,upp
V1,V0,0.5292051528877362,PS,1190498,438045,0.6056930776455861
V2,V0,0.022018670754467104,PS,1102730,438045,0.2327028239074746
V3,V0,0.09359894421620074,PS,935008,438045,0.26976579201178197
V1,V0,0.7647106892968479,PN,910579,438045,0.875237076550052
V2,V0,0.09462141621118436,PN,911516,438045,1.0
V3,V0,0.33984170348294,PN,927726,438045,0.9794732949865931
