cause,effect,low,query,tinfer,tlearn,upp
V1,V0,0.011431381963710345,PS,300,11386,0.6351989551627397
V2,V0,0.3677405183720395,PS,31,11386,0.5346763621297858
V1,V0,0.015344204950967614,PN,27,11386,0.8526198305330751
V2,V0,0.6877815149845267,PN,31,11386,1.0
