cause,effect,low,query,tinfer,tlearn,upp
V1,V0,0.6716699254352138,PS,2630,7608,0.967555619124226
V2,V0,0.6744400979783483,PS,670,7608,0.8402369118031804
V3,V0,0.5432117780408213,PS,532,7608,1.0
V1,V0,0.07438639310734696,PN,570,7608,0.10715527063499489
V2,V0,0.0752173839126952,PN,443,7608,0.09370798468561131
V3,V0,0.05384290643365509,PN,458,7608,0.09911954896826426
