cause,effect,low,query,tinfer,tlearn,upp
V1,V0,0.0,PS,1352,13515,0.615440498219972
V2,V0,0.17686483183258353,PS,38,13515,0.44734898800977524
V1,V0,0.0,PN,19,13515,0.9883075955828494
V2,V0,0.1924097650914784,PN,14,13515,0.48666720684385434
