cause,effect,low,query,tinfer,tlearn,upp
V1,V0,0.60980232683148,PS,1406,12929,1.0
V2,V0,0.3470948012232416,PS,51,12929,1.0
V1,V0,0.005235903414527585,PN,43,12929,0.008586230626132948
V2,V0,0.0016035691347279935,PN,8,12929,0.004619974511507083
