cause,effect,low,query,tinfer,tlearn,upp
V1,V0,0.5395620580681105,PS,882,12859,0.7056707961220261
V2,V0,0.018388847814683376,PS,108,12859,0.2010889777583526
V1,V0,0.7646087397030502,PN,103,12859,1.0
V2,V0,0.08883979826291898,PN,99,12859,0.9714966591155204
