cause,effect,low,query,tinfer,tlearn,upp
V1,V0,0.40219114383344484,PS,172,12283,1.0
V2,V0,0.6939585211902616,PS,13,12283,1.0
V1,V0,0.08631621251671229,PN,7,12283,0.2146149009995543
V2,V0,0.1906110142424968,PN,10,12283,0.27467205664621747
