cause,effect,low,query,tinfer,tlearn,upp
V1,V0,0.34431506727236405,PS,664,12583,0.9175438943462063
V2,V0,0.6508753380220006,PS,40,12583,0.8547126941640985
V1,V0,0.3752573249018293,PN,24,12583,1.0
V2,V0,0.6120167786834454,PN,23,12583,0.8036846370179703
