cause,effect,low,query,tinfer,tlearn,upp
V1,V0,1.0,PS,1491,12795,1.0
V2,V0,1.0,PS,50,12795,1.0
V1,V0,0.00658,PN,37,12795,0.00658
V2,V0,0.006580000000000001,PN,19,12795,0.006580000000000001
