cause,effect,low,query,tinfer,tlearn,upp
V1,V0,0.2695887233614615,PS,5746,18243,0.3621347610852265
V2,V0,0.7792377638697036,PS,4098,18243,0.8623264302651539
V3,V0,0.9117619605758994,PS,3705,18243,0.9996669533363866
V1,V0,0.21085126889250871,PN,3469,18243,0.28323356011641276
V2,V0,0.525667942973833,PN,3416,18243,0.5817189332795837
V3,V0,0.5260146828377401,PN,3431,18243,0.5767289250260796
