cause,effect,low,query,tinfer,tlearn,upp
V1,V0,1.0,PS,119,12825,1.0
V2,V0,0.49980135081446164,PS,23,12825,1.0
V1,V0,0.018150360000000004,PN,8,12825,0.018150360000000004
V2,V0,0.012650089777891527,PN,9,12825,0.025310235271027805
