cause,effect,low,query,tinfer,tlearn,upp
V1,V0,0.40219114383344484,PS,489,13265,1.0
V2,V0,0.6939585211902615,PS,35,13265,1.0
V1,V0,0.08631621251671227,PN,25,13265,0.21461490099955435
V2,V0,0.1906110142424968,PN,9,13265,0.27467205664621747
