cause,effect,low,query,tinfer,tlearn,upp
V1,V0,0.0,PS,1013,13687,0.992858552059782
V2,V0,0.41981362328322686,PS,46,13687,0.9508215123367165
V1,V0,0.0,PN,22,13687,0.4918086741286745
V2,V0,0.21866771311525895,PN,15,13687,0.49525302218025663
