cause,effect,low,query,tinfer,tlearn,upp
V1,V0,0.8606877358590949,PS,328,13391,1.0
V2,V0,0.7149395879849115,PS,23,13391,0.9918500473064754
V1,V0,0.27633316659478935,PN,21,13391,0.3210608854777832
V2,V0,0.24376061944834493,PN,21,13391,0.3381740023835402
