cause,effect,low,query,tinfer,tlearn,upp
V1,V0,0.029675636332118928,PS,174,8859,1.0
V2,V0,0.7790501186799971,PS,60,8859,1.0
V1,V0,0.0014840801495881863,PN,38,8859,0.050010053128394655
V2,V0,0.05991161578462992,PN,37,8859,0.07690341654288257
