cause,effect,low,query,tinfer,tlearn,upp
V1,V0,0.8108331419651694,PS,50,828,0.8540660712255779
V2,V0,0.8907832095138242,PS,8,828,0.8907832095138242
V1,V0,0.2771192751644533,PN,16,828,0.291895037771842
V2,V0,0.31750019467467544,PN,6,828,0.31750019467467544
