cause,effect,low,query,tinfer,tlearn,upp
V1,V0,0.09944291414445008,PS,336,13750,1.0
V2,V0,0.13907068591570504,PS,33,13750,1.0
V1,V0,0.07304980354557505,PN,28,13750,0.7345903343043971
V2,V0,0.09349321461515253,PN,16,13750,0.6722711835319601
