cause,effect,low,query,tinfer,tlearn,upp
V1,V0,0.7210247097808495,PS,531,13928,0.9844883031342317
V2,V0,0.31927666412829503,PS,87,13928,0.7405762080357261
V1,V0,0.6506208706901839,PN,93,13928,0.8883587875430508
V2,V0,0.22823071100053233,PN,69,13928,0.5293911315803326
