cause,effect,low,query,tinfer,tlearn,upp
V1,V0,0.7013193571998493,PS,1319,9617,0.7819290177294795
V2,V0,0.03349997423078905,PS,771,9617,0.9580208344070504
V3,V0,0.16982481311825245,PS,533,9617,0.5939489565879166
V1,V0,0.2204421221550498,PN,384,9617,0.2457797439544807
V2,V0,0.011593846449166806,PN,333,9617,0.3315568654679645
V3,V0,0.049938647404966306,PN,271,9617,0.17465650027795437
