cause,effect,low,query,tinfer,tlearn,upp
V1,V0,0.0,PS,899,13060,0.8898256078181123
V2,V0,0.295987263504948,PS,335,13060,0.9985009035161587
V1,V0,0.0,PN,242,13060,0.8837868267661461
V2,V0,0.20589649617211722,PN,216,13060,0.6945833919479901
