cause,effect,low,query,tinfer,tlearn,upp
V1,V0,0.8991704402413431,PS,214,13923,0.9085159513342872
V2,V0,0.9178181360191943,PS,71,13923,0.979799080958618
V3,V0,0.28895629668448036,PS,60,13923,0.35441186130667646
V1,V0,0.3417534135999191,PN,43,13923,0.3453054212893538
V2,V0,0.09457453818025185,PN,50,13923,0.10096122745297183
V3,V0,0.0206814510532005,PN,50,13923,0.025366298109403294
