cause,effect,low,query,tinfer,tlearn,upp
V1,V0,0.0,PS,498,12946,0.6380476430011988
V2,V0,0.5835528765842019,PS,32,12946,0.8673566000899312
V1,V0,0.0,PN,20,12946,0.653081683307439
V2,V0,0.627074464687802,PN,17,12946,0.9320443742450573
