cause,effect,low,query,tinfer,tlearn,upp
V1,V0,0.20653447495349886,PS,201,12894,0.23757432558692293
V2,V0,0.0,PS,28,12894,1.0
V1,V0,0.0677053260052951,PN,8,12894,0.07788068877107453
V2,V0,0.0,PN,7,12894,0.15341636149952895
