cause,effect,low,query,tinfer,tlearn,upp
V1,V0,1.0,PS,182,8426,1.0
V2,V0,1.0,PS,13,8426,1.0
V1,V0,0.4200774168713176,PN,20,8426,0.4200774168713176
V2,V0,0.860368384418814,PN,14,8426,0.860368384418814
