cause,effect,low,query,tinfer,tlearn,upp
V1,V0,0.4472273703578713,PS,125,13457,0.4678480927638015
V2,V0,0.3069574668481578,PS,21,13457,0.32019458569617704
V1,V0,0.556411976433519,PN,7,13457,0.582066973577789
V2,V0,0.49402793059086064,PN,19,13457,0.5153322060614004
