cause,effect,low,query,tinfer,tlearn,upp
V1,V0,0.0,PS,573,13149,0.26966864434101423
V2,V0,0.2563094160731945,PS,34,13149,0.5149345172111998
V1,V0,0.0,PN,19,13149,0.8443372173989422
V2,V0,0.24803676197014946,PN,17,13149,0.4983144678510535
