cause,effect,low,query,tinfer,tlearn,upp
V1,V0,0.2391002824150666,PS,344,10424,1.0
V2,V0,0.03904844027369618,PS,49,10424,1.0
V1,V0,0.09636435991012585,PN,25,10424,0.4030290509772044
V2,V0,0.013332994816654908,PN,41,10424,0.34144756418443384
