cause,effect,low,query,tinfer,tlearn,upp
V1,V0,0.0,PS,921,12634,0.875975201145457
V2,V0,0.3814916912888793,PS,68,12634,0.5297746691739844
V1,V0,0.0,PN,71,12634,0.9599157664014986
V2,V0,0.3224320581141854,PN,60,12634,0.4477589966413742
