cause,effect,low,query,tinfer,tlearn,upp
V1,V0,0.40151452795273324,PS,400,12905,1.0
V2,V0,0.337701255054775,PS,37,12905,1.0
V1,V0,0.2993659300464027,PN,23,12905,0.7455917761502381
V2,V0,0.2598110948516696,PN,19,12905,0.769351878214158
