cause,effect,low,query,tinfer,tlearn,upp
V1,V0,0.257573645264009,PS,563,11615,0.9951061388854429
V2,V0,0.04429916805542107,PS,238,11615,0.9803868824052328
V3,V0,0.1511566020638199,PS,211,11615,0.1511566020638199
V1,V0,0.09406439750284128,PN,167,11615,0.3634069755455577
V2,V0,0.02224732478933754,PN,112,11615,0.49235654639808013
V3,V0,0.26087000000000005,PN,123,11615,0.26087000000000005
