cause,effect,low,query,tinfer,tlearn,upp
V1,V0,0.6985426167013616,PS,1257,13370,1.0
V2,V0,0.8470851304053123,PS,53,13370,0.920617878761421
V1,V0,0.08750232270748014,PN,24,13370,0.12526411505239457
V2,V0,0.11532867405603513,PN,13,13370,0.1253399870436075
