cause,effect,low,query,tinfer,tlearn,upp
V1,V0,1.0,PS,297,13128,1.0
V2,V0,0.0453957033091392,PS,28,13128,1.0
V1,V0,0.19098038467698825,PN,16,13128,0.19098038467698825
V2,V0,0.02905216867637217,PN,8,13128,0.6399761774485668
