cause,effect,low,query,tinfer,tlearn,upp
V1,V0,0.9930448024815879,PS,541,13466,1.0
V2,V0,0.3510897459712671,PS,29,13466,1.0
V1,V0,0.43753585579303333,PN,19,13466,0.44060031803161837
V2,V0,0.20622406460198534,PN,5,13466,0.5873827617251532
