cause,effect,low,query,tinfer,tlearn,upp
V1,V0,0.9451171312567714,PS,202,2731,0.9547700679680637
V2,V0,0.0,PS,85,2731,0.13973676841220944
V3,V0,0.32946261129247784,PS,100,2731,0.4967491432851052
V1,V0,0.28510950215998304,PN,77,2731,0.28802146289915487
V2,V0,0.0,PN,69,2731,0.001350927468375289
V3,V0,0.017379261822481232,PN,70,2731,0.026203681769465165
