cause,effect,low,query,tinfer,tlearn,upp
V1,V0,0.0,PS,660,13496,0.4982029127654494
V2,V0,0.3198980219610541,PS,80,13496,0.5132210540413934
V1,V0,0.0,PN,69,13496,0.9111584405775504
V2,V0,0.5363663549500791,PN,65,13496,0.8605070589443438
