cause,effect,low,query,tinfer,tlearn,upp
V1,V0,1.0,PS,973,12129,1.0
V2,V0,0.5751742057399315,PS,68,12129,1.0
V1,V0,0.1149908,PN,13,12129,0.1149908
V2,V0,0.10415894192188757,PN,18,12129,0.18109112140710926
