cause,effect,low,query,tinfer,tlearn,upp
V1,V0,0.0,PS,1001,4908,1.0
V2,V0,0.6340656816372363,PS,517,4908,1.0
V3,V0,0.062284999503528476,PS,376,4908,0.8773590162768152
V1,V0,0.0,PN,380,4908,0.06105352541494258
V2,V0,0.04662417326924509,PN,281,4908,0.07353208763618256
V3,V0,0.004391135116343342,PN,276,4908,0.0618544114429241
