cause,effect,low,query,tinfer,tlearn,upp
V1,V0,0.4106324166136031,PS,650,13223,0.6659446722325095
V2,V0,0.0,PS,40,13223,0.7661618830704188
V1,V0,0.455759389996079,PN,19,13223,0.7391295117195404
V2,V0,0.0,PN,17,13223,0.18278213009188674
