cause,effect,low,query,tinfer,tlearn,upp
V1,V0,0.09748177838829718,PS,2928899,11470,1.0
V2,V0,0.2402972631250316,PS,2871754,11470,1.0
V3,V0,0.447314332069262,PS,2948103,11470,0.9026521331304557
V1,V0,0.003090710339072998,PN,2913167,11470,0.031705518612533255
V2,V0,0.025671931446385444,PN,2912271,11470,0.10683405675339633
V3,V0,0.042619275943733166,PN,2886832,11470,0.08600301306046575
