cause,effect,low,query,tinfer,tlearn,upp
V1,V0,0.19283115370148915,PS,2284,6796,0.7881805937419522
V2,V0,0.414648230378219,PS,971,6796,0.9029234830300579
V3,V0,0.010510443804500837,PS,784,6796,0.9114671985433511
V1,V0,0.052011524217319124,PN,635,6796,0.21259258813797127
V2,V0,0.06414530234083624,PN,565,6796,0.13968056672224102
V3,V0,9.676596004069461E-4,PN,581,6796,0.0839155797349687
