cause,effect,low,query,tinfer,tlearn,upp
V1,V0,0.0,PS,631,12915,0.11154121987360804
V2,V0,0.08585486663902675,PS,36,12915,0.13792280295811202
V1,V0,0.0,PN,26,12915,1.0
V2,V0,0.622484932133386,PN,23,12915,1.0
