cause,effect,low,query,tinfer,tlearn,upp
V1,V0,0.36445947828536884,PS,527,11543,0.8943306494882899
V2,V0,0.0,PS,200,11543,1.0
V1,V0,0.3623104368455215,PN,179,11543,0.8890572137809296
V2,V0,0.0,PN,172,11543,0.5113741804293399
