cause,effect,low,query,tinfer,tlearn,upp
V1,V0,0.829636277192562,PS,888,12621,0.8329328276780493
V2,V0,0.0,PS,56,12621,0.12330387232148535
V1,V0,0.6231565972224573,PN,19,12621,0.6256327030046921
V2,V0,0.0,PN,24,12621,0.005729926073721638
