cause,effect,low,query,tinfer,tlearn,upp
V1,V0,0.0,PS,1038,13783,1.0
V2,V0,0.0,PS,40,13783,0.8345353986434721
V1,V0,0.0,PN,10,13783,0.3623396905810556
V2,V0,0.0,PN,12,13783,0.03415117953793542
