cause,effect,low,query,tinfer,tlearn,upp
V1,V0,0.0,PS,126,13311,0.0
V2,V0,0.2446555042423518,PS,12,13311,0.2446555042423518
V1,V0,0.0,PN,19,13311,0.0
V2,V0,0.5911742185878611,PN,8,13311,0.5911742185878611
