cause,effect,low,query,tinfer,tlearn,upp
V1,V0,0.6961295743972743,PS,1001,13176,0.9860096136885187
V2,V0,0.8287140131997282,PS,75,13176,1.0
V1,V0,0.6101809148084577,PN,65,13176,0.8642704896014688
V2,V0,0.6636533986885244,PN,63,13176,0.8008231888418395
