cause,effect,low,query,tinfer,tlearn,upp
V1,V0,0.38049055303363816,PS,366,11458,1.0
V2,V0,0.0,PS,52,11458,1.0
V1,V0,0.23260463009589352,PN,38,11458,0.61132826621146
V2,V0,0.0,PN,35,11458,0.1108221009305937
