cause,effect,low,query,tinfer,tlearn,upp
V1,V0,0.8755873316764083,PS,127,13106,0.8755873316764083
V2,V0,0.02062604304420675,PS,16,13106,0.02062604304420675
V1,V0,0.45623576832384805,PN,15,13106,0.45623576832384805
V2,V0,0.0028800115200460796,PN,15,13106,0.0028800115200460796
