cause,effect,low,query,tinfer,tlearn,upp
V1,V0,0.09678855470068955,PS,260,12727,0.14755510054860024
V2,V0,0.0,PS,17,12727,0.05717941147719635
V1,V0,0.37842093764298995,PN,24,12727,0.5769064294459308
V2,V0,0.0,PN,8,12727,0.2458326724470673
