cause,effect,low,query,tinfer,tlearn,upp
V1,V0,0.3488353435052715,PS,1429,2358,1.0
V2,V0,0.903219032190322,PS,847,2358,1.0
V3,V0,0.384124301846981,PS,415,2358,1.0
V1,V0,0.00881326214473735,PN,414,2358,0.025264819946790067
V2,V0,0.05786022412546375,PN,386,2358,0.06406001430810386
V3,V0,0.010127722001566652,PN,322,2358,0.02636574138337415
