cause,effect,low,query,tinfer,tlearn,upp
V1,V0,0.9311186578813655,PS,1763,12436,0.9937971369941287
V2,V0,0.917115562225642,PS,148,12436,0.9987975081091884
V1,V0,0.3790761026931583,PN,107,12436,0.4045937028225158
V2,V0,0.31674658799350897,PN,98,12436,0.3449572941737604
