cause,effect,low,query,tinfer,tlearn,upp
V1,V0,0.3426243535343889,PS,378,11179,0.9437047511548919
V2,V0,0.0,PS,94,11179,1.0
V1,V0,0.13895710286411894,PN,72,11179,0.3827354267927899
V2,V0,0.0,PN,82,11179,0.1818587968928729
