cause,effect,low,query,tinfer,tlearn,upp
V1,V0,0.0,PS,651,12722,0.4982029127654494
V2,V0,0.3198980219610541,PS,70,12722,0.5132210540413934
V1,V0,0.0,PN,71,12722,0.9111584405775504
V2,V0,0.5363663549500791,PN,60,12722,0.8605070589443438
