cause,effect,low,query,tinfer,tlearn,upp
V1,V0,0.20532599316060177,PS,776,13662,0.6727610331582081
V2,V0,0.25723158664681856,PS,341,13662,0.8169277937891681
V1,V0,0.30034151420285804,PN,300,13662,0.9840842081663266
V2,V0,0.3007287515443701,PN,249,13662,0.95506807204601
