cause,effect,low,query,tinfer,tlearn,upp
V1,V0,1.0,PS,422,13196,1.0
V2,V0,1.0,PS,44,13196,1.0
V1,V0,0.12318487092689225,PN,21,13196,0.12318487092689225
V2,V0,0.02938,PN,19,13196,0.02938
