cause,effect,low,query,tinfer,tlearn,upp
V1,V0,0.19800609773972996,PS,704,12922,0.5869301783049201
V2,V0,0.637270823403584,PS,128,12922,0.9784268309448438
V1,V0,0.20951489923049815,PN,123,12922,0.6210445969423274
V2,V0,0.5535051288940123,PN,106,12922,0.8498180824960078
