cause,effect,low,query,tinfer,tlearn,upp
V1,V0,0.8212544686382838,PS,373,7910,0.9849853753656159
V2,V0,0.14672532893018006,PS,95,7910,0.4889485729812204
V3,V0,0.09055475633553368,PS,89,7910,0.8398643088909891
V1,V0,0.06829924319743717,PN,77,7910,0.08191584736161162
V2,V0,0.010286319520158255,PN,57,7910,0.03427820736393478
V3,V0,0.007324785057489906,PN,50,7910,0.06793486934346515
