cause,effect,low,query,tinfer,tlearn,upp
V1,V0,0.8553056409844374,PS,205,11394,0.9806608857003319
V2,V0,0.8055485767562399,PS,22,11394,0.8859564195344031
V1,V0,0.2549546470996364,PN,10,11394,0.29232129201249385
V2,V0,0.332214980305644,PN,19,11394,0.36537584816110313
