cause,effect,low,query,tinfer,tlearn,upp
V1,V0,0.0,PS,1314,13704,1.0
V2,V0,0.0,PS,58,13704,0.4735582872700272
V1,V0,0.0,PN,32,13704,0.03332671721961628
V2,V0,0.0,PN,15,13704,0.02327775963641416
