cause,effect,low,query,tinfer,tlearn,upp
V1,V0,1.0,PS,1157,13036,1.0
V2,V0,1.0,PS,25,13036,1.0
V1,V0,0.022259820000000007,PN,28,13036,0.022259820000000007
V2,V0,0.02195744,PN,25,13036,0.02195744
