cause,effect,low,query,tinfer,tlearn,upp
V1,V0,0.0,PS,170,12777,1.0
V2,V0,0.060478539826807606,PS,28,12777,1.0
V1,V0,0.0,PN,9,12777,0.006021044840142116
V2,V0,0.0022275290164547917,PN,22,12777,0.03683172614341826
