cause,effect,low,query,tinfer,tlearn,upp
V1,V0,0.0,PS,315,13515,0.33992265598989235
V2,V0,0.24465550424235186,PS,31,13515,0.4138467080427845
V1,V0,0.0,PN,15,13515,1.0
V2,V0,0.5911742185878612,PN,7,13515,1.0
