cause,effect,low,query,tinfer,tlearn,upp
V1,V0,0.812385922698833,PS,151,1384,0.8594188660886558
V2,V0,0.10609856815249037,PS,31,1384,0.15459205150064273
V1,V0,0.6450057071238334,PN,8,1384,0.6823482016964705
V2,V0,0.187089995899959,PN,13,1384,0.27260147601476015
