cause,effect,low,query,tinfer,tlearn,upp
V1,V0,0.7120170563001863,PS,226,12512,0.9954467097528736
V2,V0,0.8026267308920926,PS,26,12512,0.8541300832607268
V1,V0,0.34234195167939613,PN,12,12512,0.4786165814347543
V2,V0,0.4042233200044887,PN,10,12512,0.430161723604218
