cause,effect,low,query,tinfer,tlearn,upp
V1,V0,1.0,PS,724,12248,1.0
V2,V0,1.0,PS,39,12248,1.0
V1,V0,0.00474,PN,21,12248,0.00474
V2,V0,0.7538826307063784,PN,16,12248,0.7538826307063784
