cause,effect,low,query,tinfer,tlearn,upp
V1,V0,1.0,PS,476,12645,1.0
V2,V0,0.6436512580456409,PS,48,12645,0.6436512580456409
V1,V0,0.007729,PN,14,12645,0.007729
V2,V0,0.008554322166222036,PN,12,12645,0.008554322166222036
