cause,effect,low,query,tinfer,tlearn,upp
V1,V0,0.7479092813281005,PS,492,12765,1.0
V2,V0,0.3176309966574079,PS,49,12765,1.0
V1,V0,0.007250023618250864,PN,19,12765,0.00969372061458661
V2,V0,0.001108494298421097,PN,19,12765,0.00348988074239084
