cause,effect,low,query,tinfer,tlearn,upp
V1,V0,0.0,PS,421,13603,1.0
V2,V0,0.8231843995404414,PS,35,13603,0.8835881233188462
V1,V0,0.0,PN,21,13603,0.3573552631315856
V2,V0,0.5180940050086924,PN,14,13603,0.5561107691593049
