cause,effect,low,query,tinfer,tlearn,upp
V1,V0,0.7649106293252286,PS,118560,12462,0.9988376120944679
V2,V0,0.11472651808504646,PS,116213,12462,0.7617218470541345
V3,V0,0.043351948258790796,PS,116251,12462,0.9466116817290212
V1,V0,0.2883907440153125,PN,115341,12462,0.37658716072034704
V2,V0,0.017175216346778658,PN,116685,12462,0.1140341199017685
V3,V0,0.01250447150328231,PN,117271,12462,0.2730414496758963
