cause,effect,low,query,tinfer,tlearn,upp
V1,V0,0.28643391010545716,PS,493,14075,1.0
V2,V0,0.7900312019071758,PS,43,14075,1.0
V1,V0,0.08670144931129438,PN,35,14075,0.30269268495260643
V2,V0,0.2628742595538726,PN,30,14075,0.33273908539217273
