cause,effect,low,query,tinfer,tlearn,upp
V1,V0,1.0,PS,368,12967,1.0
V2,V0,1.0,PS,18,12967,1.0
V1,V0,0.5070342552342836,PN,10,12967,0.5070342552342836
V2,V0,0.86742,PN,10,12967,0.86742
