cause,effect,low,query,tinfer,tlearn,upp
V1,V0,0.9872150024820934,PS,117,12813,0.9872150024820934
V2,V0,0.9977663285176813,PS,17,12813,0.9977663285176813
V1,V0,0.44804778768716724,PN,21,12813,0.44804778768716724
V2,V0,0.8209920191185942,PN,6,12813,0.8209920191185942
