cause,effect,low,query,tinfer,tlearn,upp
V1,V0,0.0,PS,937,12738,0.02022
V2,V0,0.0,PS,57,12738,0.2775185286851496
V1,V0,0.0,PN,36,12738,0.0013408737032252586
V2,V0,0.0,PN,21,12738,0.020556521980981082
