cause,effect,low,query,tinfer,tlearn,upp
V1,V0,0.06208809345428687,PS,186,10461,0.09018561290698823
V2,V0,0.10967752818477948,PS,59,10461,0.11680543515417467
V3,V0,0.40450652853156366,PS,40,10461,0.4253694861286734
V1,V0,0.23286620581345702,PN,41,10461,0.33824812984592395
V2,V0,0.4833177010761603,PN,41,10461,0.514728361645833
V3,V0,0.24766700214208787,PN,44,10461,0.2604407543548175
