cause,effect,low,query,tinfer,tlearn,upp
V1,V0,0.20653447495349891,PS,1203,12443,0.6855020441735388
V2,V0,0.0,PS,58,12443,1.0
V1,V0,0.0677053260052951,PN,21,12443,0.22471860636591195
V2,V0,0.0,PN,18,12443,0.15341636149952895
