cause,effect,low,query,tinfer,tlearn,upp
V1,V0,0.4866165298554334,PS,378,13643,0.7720577392558124
V2,V0,0.20572904598855224,PS,11,13643,0.3264063022938496
V1,V0,0.013546641869901517,PN,8,13643,0.02149287797455514
V2,V0,0.012917136869256812,PN,24,13643,0.020494115750443333
