cause,effect,low,query,tinfer,tlearn,upp
V1,V0,0.0,PS,301,13256,1.0
V2,V0,0.9370533120864853,PS,24,13256,0.9520430220851335
V1,V0,0.0,PN,21,13256,0.004492402828737131
V2,V0,0.6137880994342574,PN,6,13256,0.6236066503026756
