cause,effect,low,query,tinfer,tlearn,upp
V1,V0,0.20532599316060177,PS,642,13181,0.6727610331582081
V2,V0,0.25723158664681856,PS,247,13181,0.8169277937891681
V1,V0,0.30034151420285804,PN,193,13181,0.9840842081663266
V2,V0,0.30072875154437007,PN,180,13181,0.95506807204601
