cause,effect,low,query,tinfer,tlearn,upp
V1,V0,0.07329991460511705,PS,1096,13952,0.48698268053529487
V2,V0,0.9232776044042532,PS,41,13952,1.0
V1,V0,0.07592901469175192,PN,18,13952,0.5044496341392988
V2,V0,0.6927985040713592,PN,16,13952,0.7503685790346759
