cause,effect,low,query,tinfer,tlearn,upp
V1,V0,0.015255016721213174,PS,982,14205,0.2001252983481139
V2,V0,0.20895759144391388,PS,48,14205,0.39159411545956235
V1,V0,0.07622732781478422,PN,17,14205,1.0
V2,V0,0.5336075880473534,PN,14,14205,1.0
