cause,effect,low,query,tinfer,tlearn,upp
V1,V0,0.7245928467422975,PS,336,11124,0.9336413731584235
V2,V0,0.8958613666666534,PS,28,11124,0.9743211021022508
V1,V0,0.22157353698085824,PN,25,11124,0.2854985696483849
V2,V0,0.2108264755413617,PN,12,11124,0.22929070461660617
