cause,effect,low,query,tinfer,tlearn,upp
V1,V0,0.6000032969500074,PS,436,13263,0.8322935729884549
V2,V0,0.30648143076587453,PS,32,13263,0.41446449480116604
V1,V0,0.32461439104674866,PN,18,13263,0.4502883113161979
V2,V0,0.2330163106472023,PN,9,13263,0.31511529827919915
