cause,effect,low,query,tinfer,tlearn,upp
V1,V0,0.1674189061758079,PS,3076453,11128,0.30667702286085485
V2,V0,0.11164564151394367,PS,3123157,11128,0.8819837559349276
V3,V0,0.7142344519275813,PS,3275461,11128,0.807022695331402
V1,V0,0.07575766694384309,PN,3226560,11128,0.13877247371825907
V2,V0,0.1041320201974789,PN,3220949,11128,0.822627278964524
V3,V0,0.5395202643871646,PN,3234761,11128,0.6096108872605707
