cause,effect,low,query,tinfer,tlearn,upp
V1,V0,0.297874059734319,PS,1170,12331,1.0
V2,V0,0.849545309790878,PS,54,12331,1.0
V1,V0,0.05813764515896773,PN,32,12331,0.19517525363175992
V2,V0,0.23331681292090609,PN,14,12331,0.2746372797683255
