cause,effect,low,query,tinfer,tlearn,upp
V1,V0,0.0,PS,476,12429,0.0
V2,V0,0.6936915400000002,PS,18,12429,0.6936915400000002
V1,V0,0.0,PN,38,12429,0.0
V2,V0,1.0,PN,13,12429,1.0
