cause,effect,low,query,tinfer,tlearn,upp
V1,V0,0.17180664895370523,PS,158716,3895,1.0
V2,V0,0.16409429465089392,PS,154235,3895,1.0
V3,V0,0.1610387652024977,PS,154226,3895,1.0
V1,V0,0.011120859983827105,PN,155404,3895,0.06472892668329568
V2,V0,0.010661577830859942,PN,153194,3895,0.06497226398725292
V3,V0,0.006349433431949398,PN,153464,3895,0.03942798135570228
