cause,effect,low,query,tinfer,tlearn,upp
V1,V0,0.0,PS,127,7679,0.11159602591526248
V2,V0,0.09333558650521004,PS,34,7679,0.14002428736461472
V1,V0,0.0,PN,28,7679,1.0
V2,V0,0.6665671239030829,PN,28,7679,1.0
