cause,effect,low,query,tinfer,tlearn,upp
V1,V0,0.0,PS,1564,12297,1.0
V2,V0,0.0,PS,65,12297,1.0
V1,V0,0.0,PN,70,12297,0.3382989959599148
V2,V0,0.0,PN,47,12297,0.4136799424695531
