cause,effect,low,query,tinfer,tlearn,upp
V1,V0,0.0,PS,8831,20997,0.4583287500458329
V2,V0,0.3915557462106716,PS,5832,20997,0.712293302864429
V3,V0,0.0,PS,6218,20997,1.0
V1,V0,0.0,PN,6319,20997,0.043006474429725584
V2,V0,0.1705817657095906,PN,5885,20997,0.3103114958255693
V3,V0,0.0,PN,6091,20997,0.3947539216440878
