cause,effect,low,query,tinfer,tlearn,upp
V1,V0,1.0,PS,870,12918,1.0
V2,V0,1.0,PS,45,12918,1.0
V1,V0,0.5908090539184359,PN,22,12918,0.5908090539184359
V2,V0,0.90734,PN,20,12918,0.90734
