cause,effect,low,query,tinfer,tlearn,upp
V1,V0,0.2682268226822683,PS,306,12807,1.0
V2,V0,0.5656870028296453,PS,9,12807,0.5656870028296453
V1,V0,0.00727693784841146,PN,13,12807,0.027129791777131304
V2,V0,0.031927774036794525,PN,8,12807,0.031927774036794525
