cause,effect,low,query,tinfer,tlearn,upp
V1,V0,0.0,PS,610,13290,0.2632227399074782
V2,V0,0.0,PS,54,13290,0.23001453051637327
V1,V0,0.0,PN,47,13290,1.0
V2,V0,0.0,PN,37,13290,1.0
