cause,effect,low,query,tinfer,tlearn,upp
V1,V0,0.2957564078082829,PS,296,13417,0.8364503083237596
V2,V0,0.3487594445578926,PS,29,13417,1.0
V1,V0,0.15287278129924486,PN,18,13417,0.4323506834548554
V2,V0,0.07839007754232676,PN,12,13417,0.22476832890274417
