cause,effect,low,query,tinfer,tlearn,upp
V1,V0,0.0,PS,282,11590,0.9775294648223131
V2,V0,0.4430984363159324,PS,28,11590,0.6400361422514358
V1,V0,0.0,PN,14,11590,0.20769435835317002
V2,V0,0.12886622790903615,PN,4,11590,0.18614158078090273
