cause,effect,low,query,tinfer,tlearn,upp
V1,V0,0.009944304835671644,PS,1156,13277,0.6712204525565449
V2,V0,0.22920257258360896,PS,435,13277,0.6384876148474825
V1,V0,0.014815258977576996,PN,253,13277,1.0
V2,V0,0.3589773196123143,PN,216,13277,1.0
