cause,effect,low,query,tinfer,tlearn,upp
V1,V0,0.009462400435747122,PS,169,13048,0.11154121987360804
V2,V0,0.08585486663902672,PS,16,13048,0.13792280295811202
V1,V0,0.08483321633445787,PN,25,13048,1.0
V2,V0,0.622484932133386,PN,4,13048,1.0
