cause,effect,low,query,tinfer,tlearn,upp
V1,V0,0.0,PS,419,13200,0.11216545012165449
V2,V0,0.9815708329276575,PS,31,13200,0.9861409491301049
V1,V0,0.0,PN,13,13200,0.001914950912283818
V2,V0,0.7581951095503383,PN,15,13200,0.7617252060431584
