cause,effect,low,query,tinfer,tlearn,upp
V1,V0,0.6271962513549827,PS,351,10892,1.0
V2,V0,0.44713764149978724,PS,50,10892,1.0
V1,V0,0.2758869596208352,PN,32,10892,0.43987341924447776
V2,V0,0.15722520418164193,PN,34,10892,0.3516259638850305
