cause,effect,low,query,tinfer,tlearn,upp
V1,V0,0.0,PS,356,12943,1.0
V2,V0,0.0,PS,95,12943,1.0
V1,V0,0.0,PN,85,12943,0.3382989959599148
V2,V0,0.0,PN,84,12943,0.4136799424695531
