cause,effect,low,query,tinfer,tlearn,upp
V1,V0,0.21065725310037897,PS,269,8347,1.0
V2,V0,0.4132034740269482,PS,107,8347,1.0
V3,V0,0.9303403482982585,PS,97,8347,1.0
V1,V0,0.011585069335983357,PN,115,8347,0.05499487516085206
V2,V0,0.029954663070414972,PN,92,8347,0.07249373481419812
V3,V0,0.21008006398581236,PN,93,8347,0.2258099031930437
