cause,effect,low,query,tinfer,tlearn,upp
V1,V0,0.10931655899353963,PS,211,3452,0.5119007140428425
V2,V0,0.8146740355434116,PS,46,3452,0.8146740355434116
V3,V0,1.0,PS,75,3452,1.0
V1,V0,0.003107066886654068,PN,66,3452,0.014549577598313213
V2,V0,0.05011826064732978,PN,55,3452,0.05011826064732978
V3,V0,0.05797049260164146,PN,56,3452,0.05797049260164146
