cause,effect,low,query,tinfer,tlearn,upp
V1,V0,0.0,PS,386,13772,0.5733530872699001
V2,V0,0.0,PS,33,13772,0.4042158182429571
V1,V0,0.0,PN,30,13772,0.8974676707768018
V2,V0,0.0,PN,16,13772,0.7781422919491053
