cause,effect,low,query,tinfer,tlearn,upp
V1,V0,0.5916469452703306,PS,2521,5889,1.0
V2,V0,0.40514611989125093,PS,1474,5889,1.0
V3,V0,0.312086792712187,PS,1699,5889,1.0
V1,V0,0.16042139878442668,PN,1281,5889,0.27114379625695223
V2,V0,0.09018938054096938,PN,1229,5889,0.2226095132422296
V3,V0,0.0665260783076699,PN,1297,5889,0.2131653112569286
