cause,effect,low,query,tinfer,tlearn,upp
V1,V0,0.22078620131094576,PS,165,12963,0.3357879697915683
V2,V0,0.8479993370203069,PS,16,12963,0.9069846298422295
V1,V0,0.04435419984332647,PN,22,12963,0.06745714464349419
V2,V0,0.2728403845681582,PN,11,12963,0.2918186658884577
