cause,effect,low,query,tinfer,tlearn,upp
V1,V0,0.9575285745240114,PS,331,2177,0.9575285745240114
V2,V0,0.3780048938533722,PS,185,2177,1.0
V3,V0,0.04795355719663324,PS,170,2177,1.0
V1,V0,0.3338065167592036,PN,165,2177,0.3338065167592036
V2,V0,0.22769956642052566,PN,174,2177,0.6023720066144174
V3,V0,0.026039186435582264,PN,162,2177,0.543008443123599
