cause,effect,low,query,tinfer,tlearn,upp
V1,V0,1.0,PS,412,12124,1.0
V2,V0,1.0,PS,13,12124,1.0
V1,V0,0.00474,PN,14,12124,0.00474
V2,V0,0.7538826307063784,PN,9,12124,0.7538826307063784
