cause,effect,low,query,tinfer,tlearn,upp
V1,V0,0.5395620580681104,PS,863,13206,0.7056707961220261
V2,V0,0.018388847814683376,PS,135,13206,0.20108897775835255
V1,V0,0.7646087397030502,PN,179,13206,1.0
V2,V0,0.08883979826291896,PN,110,13206,0.9714966591155204
