cause,effect,low,query,tinfer,tlearn,upp
V1,V0,0.4569343801515673,PS,1110,13993,0.739308741914916
V2,V0,0.5176984987231087,PS,41,13993,0.8063652260788535
V1,V0,0.6048158047290547,PN,19,13993,0.9785772992966183
V2,V0,0.6420149108370449,PN,22,13993,1.0
