cause,effect,low,query,tinfer,tlearn,upp
V1,V0,0.050767557434018604,PS,711,6659,0.9766856573513042
V2,V0,0.0,PS,207,6659,0.06385142857142859
V3,V0,0.023331155188040086,PS,147,6659,0.803974722452408
V1,V0,0.005225975730776226,PN,129,6659,0.10053931683731021
V2,V0,0.0,PN,122,6659,0.012031420246227094
V3,V0,0.0022077824983388517,PN,117,6659,0.07607858706658277
