cause,effect,low,query,tinfer,tlearn,upp
V1,V0,0.0,PS,505,13195,1.0
V2,V0,0.0,PS,26,13195,1.0
V1,V0,0.0,PN,18,13195,0.12538867387548863
V2,V0,0.0,PN,15,13195,0.28036749455125354
