cause,effect,low,query,tinfer,tlearn,upp
V1,V0,0.019575054915780973,PS,365,13461,0.02612363987857723
V2,V0,0.012504500000000002,PS,19,13461,0.012504500000000002
V1,V0,0.7493234100135318,PN,20,13461,1.0
V2,V0,1.0,PN,16,13461,1.0
