cause,effect,low,query,tinfer,tlearn,upp
V1,V0,0.0,PS,1328,13319,0.23992832054816388
V2,V0,0.11077762619372442,PS,50,13319,1.0
V1,V0,0.0,PN,15,13319,0.012502695405925215
V2,V0,0.002459079515140818,PN,12,13319,0.022198340943327816
