cause,effect,low,query,tinfer,tlearn,upp
V1,V0,0.05300355689254158,PS,396,13419,0.7675173451109848
V2,V0,0.009826987505366277,PS,34,13419,0.042812147116401925
V1,V0,0.055094535743138585,PN,14,13419,0.7977957383015983
V2,V0,0.0035063398565841762,PN,18,13419,0.015275682165893853
