cause,effect,low,query,tinfer,tlearn,upp
V1,V0,0.24486366281753164,PS,111649,51741,0.9766992327708518
V2,V0,0.14886386173990854,PS,110834,51741,0.8080043145083364
V3,V0,0.24847119114456126,PS,111127,51741,0.9587085611211332
V1,V0,0.036190985919586784,PN,110271,51741,0.1443566912875172
V2,V0,0.028530751756419483,PN,110754,51741,0.15485941480969267
V3,V0,0.037837596685918545,PN,109506,51741,0.14599369732941675
