cause,effect,low,query,tinfer,tlearn,upp
V1,V0,0.24078822781724027,PS,701,14005,0.7336285416362772
V2,V0,0.6375138952009222,PS,93,14005,0.8710983183404359
V1,V0,0.29375030118551765,PN,83,14005,0.8949922802186039
V2,V0,0.6134039915299995,PN,73,14005,0.8381545712296821
