cause,effect,low,query,tinfer,tlearn,upp
V1,V0,0.49140029151508635,PS,350,13455,0.5809763195887806
V2,V0,0.6860415659660776,PS,40,13455,0.8256234785082737
V1,V0,0.7336966295797569,PN,14,13455,0.8674402008059319
V2,V0,0.7786921364367989,PN,14,13455,0.9371247199382938
