cause,effect,low,query,tinfer,tlearn,upp
V1,V0,0.7827974480639189,PS,544,12965,0.9149170048132903
V2,V0,0.7992986447214382,PS,45,12965,0.919641803905076
V1,V0,0.3061126694904828,PN,37,12965,0.3577779761524777
V2,V0,0.47049175305408486,PN,40,12965,0.541329435948079
