cause,effect,low,query,tinfer,tlearn,upp
V1,V0,0.3570874176935559,PS,122,10928,0.8960528488243052
V2,V0,0.6071289384453645,PS,15,10928,0.8236695611468434
V1,V0,0.3985115589578046,PN,27,10928,1.0
V2,V0,0.6203043329588197,PN,7,10928,0.8415441356064678
