cause,effect,low,query,tinfer,tlearn,upp
V1,V0,0.9564695696789675,PS,359,4952,0.9942910911054382
V2,V0,0.9553540754902986,PS,130,4952,1.0
V3,V0,0.953307089074265,PS,84,4952,1.0
V1,V0,0.528267847065803,PN,78,4952,0.5491570570627514
V2,V0,0.4666746874817524,PN,68,4952,0.48848348424352467
V3,V0,0.5470066439966013,PN,58,4952,0.573798989083137
