cause,effect,low,query,tinfer,tlearn,upp
V1,V0,0.0,PS,435,48232,1.0
V2,V0,0.4171884031230446,PS,217,48232,0.8297245396244834
V3,V0,0.631597368052639,PS,314,48232,0.9376312473750524
V1,V0,0.0,PN,139,48232,0.03622569764653901
V2,V0,0.027482374867788675,PN,121,48232,0.05465828068149349
V3,V0,0.009596886657855937,PN,109,48232,0.014246957417929763
