cause,effect,low,query,tinfer,tlearn,upp
V1,V0,0.7599283167914069,PS,311,11404,0.9425039098682602
V2,V0,0.0,PS,71,11404,0.34609968322052675
V1,V0,0.6699990597504365,PN,77,11404,0.8309688157023617
V2,V0,0.0,PN,67,11404,0.3396956563980985
