cause,effect,low,query,tinfer,tlearn,upp
V1,V0,0.0,PS,482,10949,0.5284345628640037
V2,V0,0.0,PS,131,10949,0.8811380681335647
V1,V0,0.0,PN,125,10949,0.7369190732332171
V2,V0,0.0,PN,103,10949,0.3116286237112202
