cause,effect,low,query,tinfer,tlearn,upp
V1,V0,0.566889052259617,PS,6144,4904,0.6639569417913627
V2,V0,0.8291627733424568,PS,4686,4904,0.9917285548137755
V3,V0,0.6939576223304462,PS,4804,4904,0.8751603216128301
V1,V0,0.10332169195549304,PN,4653,4904,0.12101336996725287
V2,V0,0.37735328626158376,PN,4418,4904,0.4513372298781025
V3,V0,0.11354960297175515,PN,4322,4904,0.14319910014397208
