cause,effect,low,query,tinfer,tlearn,upp
V1,V0,0.13689095127610207,PS,1118,13514,0.13689095127610207
V2,V0,1.0,PS,26,13514,1.0
V1,V0,0.006943822418744653,PN,26,13514,0.006943822418744653
V2,V0,0.7164342,PN,28,13514,0.7164342
