cause,effect,low,query,tinfer,tlearn,upp
V1,V0,0.18688875911049982,PS,35718,5411,1.0
V2,V0,0.402428236218486,PS,35192,5411,1.0
V3,V0,0.0,PS,36027,5411,1.0
V1,V0,0.04937982948553163,PN,38302,5411,0.264220436373786
V2,V0,0.10964781551959364,PN,38146,5411,0.2724655122362332
V3,V0,0.0,PN,39127,5411,0.15431422684043092
