cause,effect,low,query,tinfer,tlearn,upp
V1,V0,0.015255016721213177,PS,420,10951,0.2001252983481139
V2,V0,0.2089575914439139,PS,109,10951,0.39159411545956235
V1,V0,0.07622732781478424,PN,92,10951,1.0
V2,V0,0.5336075880473535,PN,67,10951,1.0
