cause,effect,low,query,tinfer,tlearn,upp
V1,V0,0.43072104844424836,PS,3198,12153,0.6704429262833032
V2,V0,0.4342918765745646,PS,1581,12153,0.744467888524666
V3,V0,0.30887860623457847,PS,1444,12153,0.8052858564524579
V1,V0,0.08618983661984053,PN,1350,12153,0.13415960628811777
V2,V0,0.06350934464612824,PN,1432,12153,0.10886841375714904
V3,V0,0.03863754372795694,PN,1357,12153,0.10073299627801775
