cause,effect,low,query,tinfer,tlearn,upp
V1,V0,0.31785496438193034,PS,1525,12210,0.9265436312277161
V2,V0,0.1697491340738618,PS,61,12210,1.0
V1,V0,0.20700205922054649,PN,32,12210,0.6034086646869539
V2,V0,0.09173508905691329,PN,20,12210,0.5404156525299105
