cause,effect,low,query,tinfer,tlearn,upp
V1,V0,0.4718408907626318,PS,254,10703,0.648083551738384
V2,V0,0.6847211739188899,PS,52,10703,0.8196942958400063
V1,V0,0.699321471182424,PN,35,10703,0.9605329926329281
V2,V0,0.7562126686655386,PN,42,10703,0.9052782863415844
