cause,effect,low,query,tinfer,tlearn,upp
V1,V0,0.6778599954167878,PS,434,10087,0.8996215084321936
V2,V0,0.11642411955614095,PS,179,10087,0.3595264843366649
V3,V0,0.6815218590031972,PS,176,10087,0.8365484687111883
V1,V0,0.4060312699537359,PN,223,10087,0.5388641696163631
V2,V0,0.09100869393624086,PN,193,10087,0.2810417282923088
V3,V0,0.4062608206604877,PN,178,10087,0.4986734657608206
