cause,effect,low,query,tinfer,tlearn,upp
V1,V0,0.0,PS,643,13484,0.5072142064372919
V2,V0,0.06006045472466815,PS,63,13484,0.06006045472466815
V1,V0,0.0,PN,13,13484,0.03437400732017311
V2,V0,0.013503413657410627,PN,23,13484,0.013503413657410627
