cause,effect,low,query,tinfer,tlearn,upp
V1,V0,0.0,PS,338,13351,0.3433173752615275
V2,V0,0.22365318842523219,PS,33,13351,0.38975915247418536
V1,V0,0.0,PN,14,13351,1.0
V2,V0,0.5738240834255849,PN,17,13351,1.0
