cause,effect,low,query,tinfer,tlearn,upp
V1,V0,0.4718408907626318,PS,687,13508,0.6480835517383838
V2,V0,0.6847211739188899,PS,54,13508,0.8196942958400063
V1,V0,0.699321471182424,PN,43,13508,0.9605329926329281
V2,V0,0.7562126686655386,PN,52,13508,0.9052782863415844
