cause,effect,low,query,tinfer,tlearn,upp
V1,V0,0.07702789898819952,PS,307,13684,0.4021015237749085
V2,V0,0.028222744771404067,PS,36,13684,0.3850175102362674
V1,V0,0.19156331034278498,PN,13,13684,1.0
V2,V0,0.07330249669446222,PN,19,13684,1.0
