cause,effect,low,query,tinfer,tlearn,upp
V1,V0,0.0,PS,1652,13844,0.1085791673523081
V2,V0,0.09561868138131883,PS,52,13844,0.14147899884029091
V1,V0,0.0,PN,34,13844,1.0
V2,V0,0.6758507069254733,PN,45,13844,1.0
