cause,effect,low,query,tinfer,tlearn,upp
V1,V0,0.4051956889887218,PS,663,13033,0.8952486053875908
V2,V0,0.077523805075699,PS,236,13033,0.6403623744477942
V1,V0,0.3915703937007874,PN,177,13033,0.8651445669291339
V2,V0,0.1206201653991301,PN,182,13033,0.9963470632775336
