cause,effect,low,query,tinfer,tlearn,upp
V1,V0,0.3804905530336382,PS,967,12934,1.0
V2,V0,0.0,PS,44,12934,1.0
V1,V0,0.2326046300958936,PN,20,12934,0.6113282662114599
V2,V0,0.0,PN,9,12934,0.11082210093059369
