cause,effect,low,query,tinfer,tlearn,upp
V1,V0,0.3506407017458793,PS,509,11125,1.0
V2,V0,0.30290421140745155,PS,120,11125,1.0
V1,V0,0.2925682730515021,PN,154,11125,0.8343819516524235
V2,V0,0.23437401984648512,PN,89,11125,0.773756227282086
