cause,effect,low,query,tinfer,tlearn,upp
V1,V0,1.0,PS,116,12906,1.0
V2,V0,1.0,PS,21,12906,1.0
V1,V0,0.5070342552342836,PN,7,12906,0.5070342552342836
V2,V0,0.86742,PN,6,12906,0.86742
