cause,effect,low,query,tinfer,tlearn,upp
V1,V0,0.5108714517642176,PS,57897,13247,0.6486098203976686
V2,V0,0.10003612635058601,PS,63231,13247,1.0
V3,V0,0.5243672881056872,PS,59533,13247,0.9011772160765316
V1,V0,0.03498880407451038,PN,59036,13247,0.04442229419617557
V2,V0,0.0017117505298736505,PN,61334,13247,0.017111323601982146
V3,V0,0.00969182512005446,PN,56262,13247,0.016656363160912718
