cause,effect,low,query,tinfer,tlearn,upp
V1,V0,0.0,PS,344,14011,1.0
V2,V0,0.06894741926600081,PS,39,14011,1.0
V1,V0,0.0,PN,29,14011,0.006197468665003534
V2,V0,0.0024706686248903665,PN,33,14011,0.03583409866812372
