cause,effect,low,query,tinfer,tlearn,upp
V1,V0,0.13889342101661611,PS,2057936,8204,0.21786883920287828
V2,V0,0.0,PS,2048771,8204,0.6410874033219799
V3,V0,0.604979034591813,PS,2001860,8204,0.6625940694989955
V1,V0,0.06224462317802663,PN,1999848,8204,0.09763719331814057
V2,V0,0.0,PN,2042197,8204,0.8488167569598595
V3,V0,0.4526063003263537,PN,2017257,8204,0.4957101540162721
