cause,effect,low,query,tinfer,tlearn,upp
V1,V0,0.0,PS,437,10866,1.0
V2,V0,0.4748603539828961,PS,74,10866,1.0
V1,V0,0.0,PN,49,10866,0.011790882795363052
V2,V0,0.011460942223471816,PN,46,10866,0.02413539502159539
