cause,effect,low,query,tinfer,tlearn,upp
V1,V0,0.35534001860077874,PS,190761,225050,1.0
V2,V0,0.8692909689957098,PS,178939,225050,1.0
V3,V0,0.785118209704699,PS,179101,225050,1.0
V1,V0,0.025480184639421345,PN,178762,225050,0.0717064876051805
V2,V0,0.16170118090231828,PN,170385,225050,0.18601502450799795
V3,V0,0.08614089087573151,PN,176390,225050,0.10971709713385845
