cause,effect,low,query,tinfer,tlearn,upp
V1,V0,0.2428098565649136,PS,316,13305,1.0
V2,V0,0.5923571923571924,PS,27,13305,1.0
V1,V0,0.05129383884852133,PN,19,13305,0.21125105699656077
V2,V0,0.1463254106192255,PN,16,13305,0.24702225702189337
