cause,effect,low,query,tinfer,tlearn,upp
V1,V0,0.4270671905796706,PS,342,2101,0.7105055114325851
V2,V0,0.9640623521444041,PS,177,2101,1.0
V3,V0,0.14020683169429168,PS,152,2101,0.9721299301015555
V1,V0,0.039781893412997905,PN,142,2101,0.06618456099798588
V2,V0,0.40518999830522634,PN,103,2101,0.42029439009203645
V3,V0,0.01670495260795641,PN,114,2101,0.11582448740109158
