cause,effect,low,query,tinfer,tlearn,upp
V1,V0,0.9076498824026339,PS,635,13211,0.9669923263584081
V2,V0,0.9584448828739918,PS,67,13211,0.9985807274232471
V1,V0,0.5182614315329512,PN,19,13211,0.5521455321663061
V2,V0,0.8684229617270004,PN,9,13211,0.9047890476832037
