cause,effect,low,query,tinfer,tlearn,upp
V1,V0,0.9683641572919676,PS,442,12998,0.9683641572919676
V2,V0,1.0,PS,12,12998,1.0
V1,V0,0.36006000000000005,PN,22,12998,0.36006000000000005
V2,V0,0.3696942316775161,PN,9,12998,0.3696942316775161
