cause,effect,low,query,tinfer,tlearn,upp
V1,V0,0.18688875911049982,PS,593874,7288,1.0
V2,V0,0.40242823621848595,PS,603079,7288,1.0
V3,V0,0.0,PS,603415,7288,1.0
V1,V0,0.04937982948553163,PN,604360,7288,0.264220436373786
V2,V0,0.10964781551959364,PN,596444,7288,0.2724655122362332
V3,V0,0.0,PN,604250,7288,0.154314226840431
