cause,effect,low,query,tinfer,tlearn,upp
V1,V0,0.0,PS,1244,13293,1.0
V2,V0,0.42446424694620416,PS,34,13293,0.931576424589247
V1,V0,0.0,PN,19,13293,0.21246864245767055
V2,V0,0.12344685041318017,PN,14,13293,0.27093018166330723
