cause,effect,low,query,tinfer,tlearn,upp
V1,V0,0.0,PS,455,10896,1.0
V2,V0,0.4198136232832268,PS,68,10896,1.0
V1,V0,0.0,PN,64,10896,0.49534616296386763
V2,V0,0.21866771311525898,PN,68,10896,0.5208685497272084
