cause,effect,low,query,tinfer,tlearn,upp
V1,V0,0.800519562390279,PS,167,12802,1.0
V2,V0,0.7535946094123057,PS,18,12802,1.0
V1,V0,0.07652338596195765,PN,9,12802,0.09559214984511524
V2,V0,0.08995847989914516,PN,12,12802,0.1193725098024516
