cause,effect,low,query,tinfer,tlearn,upp
V1,V0,0.0,PS,167,12864,0.9722394998904474
V2,V0,0.0,PS,25,12864,0.1641758806536625
V1,V0,0.0,PN,27,12864,0.1603814900875039
V2,V0,0.0,PN,8,12864,0.3450779822319096
