cause,effect,low,query,tinfer,tlearn,upp
V1,V0,0.017563654803168963,PS,455,13230,0.4324556099554289
V2,V0,0.013850188829819634,PS,44,13230,0.3906498989126517
V1,V0,0.04061377491432974,PN,30,13230,1.0
V2,V0,0.035454223509005685,PN,27,13230,1.0
