cause,effect,low,query,tinfer,tlearn,upp
V1,V0,0.22096849158103513,PS,185,13165,1.0
V2,V0,0.17060091681484915,PS,28,13165,0.6469233925780847
V1,V0,0.003913283342764479,PN,20,13165,0.017709689353286692
V2,V0,0.002872981429716009,PN,10,13165,0.010894425000909164
