cause,effect,low,query,tinfer,tlearn,upp
V1,V0,0.0,PS,1283,13298,1.0
V2,V0,0.7535946094123057,PS,21,13298,1.0
V1,V0,0.0,PN,34,13298,0.09559214984511524
V2,V0,0.08995847989914516,PN,10,13298,0.1193725098024516
