cause,effect,low,query,tinfer,tlearn,upp
V1,V0,0.0,PS,373,13456,0.0
V2,V0,0.008083981894931114,PS,11,13456,0.2716179784706784
V1,V0,0.0,PN,11,13456,0.0
V2,V0,0.0032615314367015207,PN,12,13456,0.10958591781494624
