cause,effect,low,query,tinfer,tlearn,upp
V1,V0,0.07702789898819952,PS,859,12048,0.4021015237749085
V2,V0,0.028222744771404063,PS,49,12048,0.3850175102362674
V1,V0,0.19156331034278498,PN,31,12048,1.0
V2,V0,0.0733024966944622,PN,16,12048,1.0
