cause,effect,low,query,tinfer,tlearn,upp
V1,V0,0.2641981052758082,PS,1503,5491,1.0
V2,V0,0.44145206153209643,PS,739,5491,0.9637917471328333
V3,V0,0.5248061470990232,PS,446,5491,1.0
V1,V0,0.017622338047679806,PN,407,5491,0.06670122796408046
V2,V0,0.027781729448567567,PN,286,5491,0.060653928018093176
V3,V0,0.03328232836223756,PN,283,5491,0.06341832797922176
