cause,effect,low,query,tinfer,tlearn,upp
V1,V0,0.42257625862191533,PS,408,13183,1.0
V2,V0,0.6733827532737188,PS,29,13183,0.9839051965255006
V1,V0,0.28460296379344446,PN,19,13183,0.6734949207075133
V2,V0,0.5446647347096253,PN,12,13183,0.7958303954766567
