cause,effect,low,query,tinfer,tlearn,upp
V1,V0,0.5186411740426695,PS,3835,8466,1.0
V2,V0,0.8171128353661097,PS,2457,8466,1.0
V3,V0,0.8275230719095923,PS,2399,8466,1.0
V1,V0,0.04145149665338495,PN,2323,8466,0.07992326627344601
V2,V0,0.26860206888125393,PN,2321,8466,0.328720902739101
V3,V0,0.2466787201125657,PN,2284,8466,0.2980928610767672
