cause,effect,low,query,tinfer,tlearn,upp
V1,V0,0.46183219374647333,PS,1418,13193,1.0
V2,V0,0.8084412803557118,PS,46,13193,0.9697526280642375
V1,V0,0.1269454970832311,PN,35,13193,0.274873641989798
V2,V0,0.18088208876602271,PN,35,13193,0.21697417637236302
