cause,effect,low,query,tinfer,tlearn,upp
V1,V0,0.4106324166136031,PS,243,11034,0.6659446722325095
V2,V0,0.0,PS,36,11034,0.7661618830704188
V1,V0,0.455759389996079,PN,29,11034,0.7391295117195404
V2,V0,0.0,PN,35,11034,0.18278213009188674
