cause,effect,low,query,tinfer,tlearn,upp
V1,V0,0.151644942541697,PS,222,2047,1.0
V2,V0,0.24029726312503166,PS,76,2047,0.5038519738155453
V3,V0,0.5396105432821449,PS,82,2047,0.9026521331304557
V1,V0,0.004807981548252311,PN,59,2047,0.03170551861253326
V2,V0,0.025671931446385444,PN,72,2047,0.053828550365920734
V3,V0,0.05141308694470476,PN,59,2047,0.08600301306046576
