cause,effect,low,query,tinfer,tlearn,upp
V1,V0,0.0,PS,1452,14044,1.0
V2,V0,0.0747383439875349,PS,40,14044,0.8989612985416097
V1,V0,0.0,PN,29,14044,0.6607320450069227
V2,V0,0.06302855181488537,PN,28,14044,0.7581145869937451
