cause,effect,low,query,tinfer,tlearn,upp
V1,V0,0.0,PS,324,14778,0.5206162383716432
V2,V0,0.8345353986434724,PS,19,14778,0.8345353986434724
V1,V0,0.0,PN,11,14778,0.1886399267230543
V2,V0,0.034151179537935415,PN,11,14778,0.034151179537935415
