cause,effect,low,query,tinfer,tlearn,upp
V1,V0,0.1904247190195706,PS,1128,14490,0.9536421178317006
V2,V0,0.5911322712244109,PS,48,14490,0.9448663928066325
V1,V0,0.1756135709902198,PN,26,14490,0.8794682676774186
V2,V0,0.413918609105713,PN,13,14490,0.6616079042532624
