cause,effect,low,query,tinfer,tlearn,upp
V1,V0,0.0,PS,979,13444,0.0
V2,V0,0.6936915400000002,PS,30,13444,0.6936915400000002
V1,V0,0.0,PN,34,13444,0.0
V2,V0,1.0,PN,21,13444,1.0
