cause,effect,low,query,tinfer,tlearn,upp
V1,V0,0.1556243733529992,PS,308,2180,1.0
V2,V0,0.5289600000000001,PS,163,2180,0.5289600000000001
V3,V0,0.02492475739944224,PS,149,2180,1.0
V1,V0,0.08257302564614787,PN,155,2180,0.5305918595337852
V2,V0,0.2085663259134119,PN,127,2180,0.2085663259134119
V3,V0,0.014121424096819048,PN,109,2180,0.5665621482492363
