cause,effect,low,query,tinfer,tlearn,upp
V1,V0,0.45468353921055804,PS,331,13096,0.45468353921055804
V2,V0,0.0,PS,22,13096,0.8154339389166995
V1,V0,0.12845497756350416,PN,13,13096,0.12845497756350416
V2,V0,0.0,PN,11,13096,0.611437030538955
