cause,effect,low,query,tinfer,tlearn,upp
V1,V0,0.2803277738586458,PS,1331,13336,0.474797668095504
V2,V0,0.004680840282153374,PS,32,13336,0.5216224076859227
V1,V0,0.47519793907354496,PN,20,13336,0.8048537975751129
V2,V0,0.006798245459404347,PN,19,13336,0.7575813210492693
