cause,effect,low,query,tinfer,tlearn,upp
V1,V0,0.9078660166945444,PS,1010,13776,1.0
V2,V0,0.9654727032393577,PS,53,13776,1.0
V1,V0,0.13755814895645824,PN,15,13776,0.15151811657990527
V2,V0,0.4372611754133694,PN,12,13776,0.45289853762438764
