cause,effect,low,query,tinfer,tlearn,upp
V1,V0,0.18419579356364563,PS,528,11369,1.0
V2,V0,0.027367840434120046,PS,140,11369,1.0
V1,V0,0.07540338692738809,PN,132,11369,0.4093654120355022
V2,V0,0.0077095506136467045,PN,113,11369,0.2817010948381244
