cause,effect,low,query,tinfer,tlearn,upp
V1,V0,0.8951299391451336,PS,1706,62527,0.991578379737537
V2,V0,0.8309848012433154,PS,810,62527,0.979799080958618
V3,V0,0.1849158675777424,PS,575,62527,1.0
V1,V0,0.34021771471516354,PN,445,62527,0.37687548540432886
V2,V0,0.08562698940909944,PN,343,62527,0.10096122745297183
V3,V0,0.013234971890732245,PN,445,62527,0.07157293781274876
