cause,effect,low,query,tinfer,tlearn,upp
V1,V0,0.8952545454545455,PS,392,13415,1.0
V2,V0,0.8231682985972558,PS,25,13415,1.0
V1,V0,0.29252126558010333,PN,18,13415,0.3267464734642394
V2,V0,0.18595644292720595,PN,14,13415,0.22590330949830129
