cause,effect,low,query,tinfer,tlearn,upp
V1,V0,0.0,PS,1581,12980,0.2557695546751218
V2,V0,0.0,PS,38,12980,0.2325948414749802
V1,V0,0.0,PN,19,12980,1.0
V2,V0,0.0,PN,27,12980,1.0
