cause,effect,low,query,tinfer,tlearn,upp
V1,V0,0.16816419051437806,PS,497,6553,1.0
V2,V0,0.0,PS,206,6553,0.7065001247533172
V3,V0,0.04766666666666666,PS,152,6553,1.0
V1,V0,0.010849621896086173,PN,178,6553,0.06451802766629158
V2,V0,0.0,PN,170,6553,0.032110504574744556
V3,V0,9.554202647672914E-4,PN,183,6553,0.020043781778334786
