cause,effect,low,query,tinfer,tlearn,upp
V1,V0,0.19042471901957056,PS,373,10885,0.9536421178317006
V2,V0,0.5911322712244109,PS,41,10885,0.9448663928066322
V1,V0,0.1756135709902198,PN,33,10885,0.8794682676774186
V2,V0,0.4139186091057131,PN,30,10885,0.6616079042532624
