cause,effect,low,query,tinfer,tlearn,upp
V1,V0,0.38204046785916956,PS,22759,7827,0.8153384420887192
V2,V0,0.42128594998038826,PS,19201,7827,0.9814385187416509
V3,V0,0.44356521023686657,PS,18978,7827,0.9488311570940995
V1,V0,0.04570998390474078,PN,18684,7827,0.09755277307044387
V2,V0,0.03262450819541826,PN,18514,7827,0.07600288829826081
V3,V0,0.03480576170195341,PN,18155,7827,0.07445306887699892
