cause,effect,low,query,tinfer,tlearn,upp
V1,V0,0.2841583621664759,PS,1651,13116,0.4333853740566966
V2,V0,0.7373453886560389,PS,55,13116,0.9191656099085131
V1,V0,0.40020287807488786,PN,62,13116,0.6103711771517027
V2,V0,0.7058131419264565,PN,62,13116,0.8798579024990854
