cause,effect,low,query,tinfer,tlearn,upp
V1,V0,0.18575353174351156,PS,564,13015,1.0
V2,V0,0.08051638388266828,PS,40,13015,1.0
V1,V0,0.06592725012187114,PN,26,13015,0.3549178823307838
V2,V0,0.026056142431969322,PN,27,13015,0.32361292417130144
