cause,effect,low,query,tinfer,tlearn,upp
V1,V0,0.7120170563001861,PS,495,12987,0.9954467097528736
V2,V0,0.8026267308920925,PS,33,12987,0.8541300832607266
V1,V0,0.34234195167939613,PN,20,12987,0.4786165814347543
V2,V0,0.40422332000448874,PN,14,12987,0.4301617236042179
